pettype,breed,agemonths,color,size,weightkg,vaccinated,healthcondition,adoptionfee,previousowner,adoptionlikelihood
Dog,Golden Retriever,46,White,0,27.562113912823456,0,0,195,0,0
Bird,Parakeet,119,Gray,1,11.76207664188663,1,0,423,1,1
Bird,Parakeet,121,Black,2,26.05468983827581,1,0,375,0,0
Bird,Parakeet,109,Gray,1,7.58902265712813,1,1,462,1,0
Dog,Poodle,75,White,1,7.17393338513981,1,0,464,0,1
Bird,Parakeet,157,Orange,1,20.73643839946073,0,0,231,1,0
Cat,Siamese,179,White,0,13.51814621016972,1,0,477,0,0
Rabbit,Rabbit,169,Brown,1,26.99862327781085,1,0,228,0,0
Dog,Poodle,148,White,0,14.417947118946984,1,0,84,0,0
Dog,Poodle,132,Orange,1,19.341693869932843,0,0,340,1,0
Dog,Poodle,4,White,0,4.422174771961871,1,0,222,0,1
Cat,Persian,83,Brown,1,26.52448725439751,1,1,221,0,0
Bird,Parakeet,149,Orange,2,18.71494242198866,1,0,209,0,1
Bird,Parakeet,34,Orange,0,8.656372536084898,0,0,44,0,0
Rabbit,Rabbit,101,Gray,0,25.431252597434,1,0,31,0,1
Dog,Golden Retriever,105,White,0,28.887306442133905,1,0,160,0,0
Cat,Persian,67,Black,0,12.854997500864004,0,0,91,0,0
Cat,Siamese,152,Gray,1,12.129401281344869,1,0,465,0,1
Dog,Labrador,2,Black,1,10.793855192304296,1,0,60,0,1
Bird,Parakeet,12,Gray,1,17.98127751142596,0,0,289,1,1
Cat,Persian,11,Orange,0,10.133609795644023,1,0,457,1,1
Rabbit,Rabbit,50,Orange,1,8.750501869264792,1,0,211,0,1
Dog,Poodle,65,Orange,1,15.2783702413552,0,1,286,0,0
Rabbit,Rabbit,39,Brown,1,23.9264590280435,1,1,121,0,0
Cat,Siamese,79,Orange,0,9.64314063073908,1,1,57,0,0
Dog,Labrador,109,Gray,0,14.325565730539209,1,0,492,0,1
Dog,Golden Retriever,147,White,1,22.09932802753382,1,0,155,0,1
Bird,Parakeet,124,White,2,9.520039648975498,0,0,92,1,0
Dog,Labrador,8,Black,2,19.442247725501577,1,0,16,0,1
Cat,Siamese,50,Brown,1,17.069658737389954,1,0,210,0,1
Dog,Labrador,167,White,2,27.17372133044564,0,0,11,0,0
Bird,Parakeet,143,Gray,1,9.515339361036352,1,1,446,0,0
Rabbit,Rabbit,149,White,0,17.45585303267366,1,0,468,1,0
Cat,Persian,131,White,2,7.575292580052482,1,0,233,1,0
Bird,Parakeet,116,White,1,20.55173106308296,1,1,115,1,0
Cat,Siamese,68,Orange,0,17.509160105565208,0,0,174,1,0
Rabbit,Rabbit,113,Brown,1,19.663710459454784,1,0,76,1,1
Cat,Persian,64,Brown,2,9.885565152496778,1,0,211,0,0
Bird,Parakeet,60,Gray,2,12.230135397900774,1,1,425,1,0
Cat,Persian,175,Black,2,13.082445084998763,0,1,236,0,0
Dog,Poodle,155,White,1,27.77204566995868,0,1,18,0,0
Bird,Parakeet,98,Orange,2,11.041715204507708,0,0,378,1,0
Bird,Parakeet,105,Brown,2,7.616811498776268,1,0,457,1,0
Cat,Persian,52,Gray,0,26.545561289467365,1,0,144,0,0
Cat,Persian,31,Black,0,2.408318975574189,0,0,102,0,0
Cat,Siamese,88,Gray,2,3.8931431733824295,1,0,317,0,0
Dog,Labrador,39,Brown,1,21.85073194874376,1,0,203,0,1
Bird,Parakeet,32,Gray,2,25.81366626020345,1,0,424,0,0
Dog,Poodle,152,Brown,1,20.832425493735883,1,0,210,0,1
Dog,Poodle,155,Black,0,16.930464590394436,1,0,413,0,0
Dog,Labrador,166,Gray,0,16.78131132032725,0,1,87,0,0
Cat,Persian,121,Gray,2,3.429938203899587,1,1,233,0,0
Rabbit,Rabbit,133,Brown,1,5.615613435821065,1,1,183,1,0
Dog,Golden Retriever,99,White,2,9.228619788853225,1,0,46,1,0
Dog,Golden Retriever,158,Brown,1,22.05577845581176,0,0,66,0,0
Rabbit,Rabbit,95,Orange,0,15.022139953584173,1,1,491,0,0
Rabbit,Rabbit,160,White,0,24.42443950282072,0,0,72,0,0
Bird,Parakeet,6,Orange,2,16.933429756366962,1,0,125,0,1
Cat,Siamese,73,Gray,0,29.371593422640185,1,0,497,0,0
Cat,Siamese,93,Orange,1,25.99437932145844,0,1,158,1,0
Dog,Poodle,143,Black,1,20.87084215932612,0,0,80,1,0
Bird,Parakeet,95,Black,0,20.24156001275246,1,0,356,0,1
Rabbit,Rabbit,179,Orange,1,25.906405919013547,0,0,322,0,0
Bird,Parakeet,90,Black,0,11.70064076707494,1,0,234,0,0
Bird,Parakeet,23,Orange,2,22.02300472806896,1,0,365,1,1
Cat,Siamese,172,Brown,1,1.5639414941668517,1,0,434,0,1
Cat,Persian,69,Brown,0,10.47641984649631,1,0,87,0,0
Rabbit,Rabbit,61,Brown,1,27.84190726651788,0,0,278,0,0
Cat,Persian,69,Black,1,1.046434438921836,0,0,87,1,0
Rabbit,Rabbit,142,Black,0,3.8025769407812713,1,0,333,0,0
Dog,Golden Retriever,131,Orange,0,21.455334735629428,1,0,455,1,0
Cat,Siamese,32,Black,0,24.914164231225893,0,0,375,0,0
Rabbit,Rabbit,48,Brown,0,24.43020287041422,1,0,342,0,0
Cat,Persian,65,White,2,9.667032474819164,1,0,68,1,0
Rabbit,Rabbit,173,Brown,0,20.04764170156502,0,0,333,1,0
Dog,Golden Retriever,177,Brown,0,13.04119894384559,1,1,413,0,1
Rabbit,Rabbit,69,Gray,1,8.580522180251451,1,0,22,1,1
Dog,Poodle,97,Brown,0,8.065518511021905,1,0,175,0,0
Bird,Parakeet,108,Brown,0,5.495251355085882,0,0,17,0,0
Rabbit,Rabbit,7,Orange,1,29.992496895484685,1,1,398,0,0
Dog,Golden Retriever,133,Brown,0,13.68307960054525,1,0,267,1,0
Bird,Parakeet,84,Brown,1,9.317656669003904,1,0,338,0,1
Bird,Parakeet,99,Gray,0,24.545364333837234,1,1,166,0,0
Dog,Labrador,10,Orange,0,14.12987579355346,0,0,289,0,1
Dog,Golden Retriever,101,White,2,4.929341048936498,1,0,498,0,0
Dog,Labrador,10,Black,1,19.33155042502167,1,1,431,0,1
Rabbit,Rabbit,176,White,1,1.4597528158334423,0,0,124,0,0
Rabbit,Rabbit,33,Gray,1,19.37045945783741,1,1,422,0,0
Cat,Siamese,119,Orange,2,20.455081723055272,0,1,320,1,0
Cat,Persian,52,Gray,1,3.6048417533425376,1,0,256,0,1
Dog,Golden Retriever,118,Brown,1,1.9119326967094787,1,0,432,0,1
Rabbit,Rabbit,80,Black,1,25.088437175896587,1,1,340,0,0
Rabbit,Rabbit,22,Orange,1,10.473981653420704,0,1,173,1,0
Rabbit,Rabbit,175,White,1,24.938291448092272,1,0,487,0,1
Rabbit,Rabbit,138,Gray,1,7.531957167722142,0,1,110,1,0
Bird,Parakeet,78,White,1,17.9150097170338,1,0,323,0,1
Bird,Parakeet,5,Orange,0,19.51776809465549,1,0,267,0,1
Dog,Golden Retriever,125,Gray,0,23.45328328331946,1,0,429,0,0
Bird,Parakeet,98,White,2,8.385188906540957,0,0,326,1,0
Dog,Poodle,143,Black,0,13.35754875820208,0,0,241,0,0
Dog,Golden Retriever,12,White,0,6.81833061425063,0,1,421,0,0
Dog,Golden Retriever,178,Black,1,15.49081367820422,1,0,351,0,1
Bird,Parakeet,86,Orange,2,16.575420212113002,1,0,314,1,0
Dog,Golden Retriever,119,White,0,6.676634856896794,0,0,164,0,0
Cat,Siamese,120,Orange,0,23.413536746442027,1,0,70,1,0
Cat,Siamese,174,Gray,2,1.156557723326645,1,0,329,1,0
Cat,Persian,154,White,1,3.0241850619477426,0,0,429,0,0
Dog,Golden Retriever,111,Brown,2,24.219254304234024,1,1,436,0,1
Cat,Persian,5,Black,0,1.3059974676611157,1,0,143,0,1
Dog,Poodle,157,Brown,2,28.59049480204805,0,0,249,0,0
Rabbit,Rabbit,149,White,0,22.854693812861623,1,0,229,0,0
Rabbit,Rabbit,87,Gray,1,26.56089963737425,1,0,60,1,1
Bird,Parakeet,21,Orange,1,15.41998458853866,1,0,419,0,1
Rabbit,Rabbit,127,Gray,0,18.089286108022684,1,0,498,0,0
Rabbit,Rabbit,156,Brown,0,27.51881015513281,1,0,6,0,0
Dog,Poodle,57,Brown,2,16.39016050314212,1,0,203,0,0
Dog,Golden Retriever,127,Gray,2,12.228314950522096,1,0,84,0,0
Cat,Persian,104,Gray,0,8.628049148628978,1,1,237,1,0
Rabbit,Rabbit,148,Black,0,15.82883360408785,0,0,415,0,0
Dog,Labrador,50,Gray,2,5.416417164962002,0,0,77,0,0
Dog,Poodle,176,Brown,1,28.046551120197943,0,0,32,0,0
Dog,Labrador,131,White,0,27.243894524927505,1,0,152,0,1
Cat,Siamese,43,Brown,2,29.095676803017923,1,0,383,0,0
Rabbit,Rabbit,178,White,2,16.94317198671458,1,0,202,0,0
Cat,Siamese,156,Orange,1,20.60088606207611,1,0,278,0,1
Bird,Parakeet,17,White,1,28.37588129460773,0,1,198,1,0
Rabbit,Rabbit,159,White,2,11.109471613842524,1,1,446,0,0
Cat,Siamese,77,Brown,2,9.4829355898899,1,0,268,1,0
Dog,Labrador,145,White,2,18.417592246428296,1,0,114,0,1
Bird,Parakeet,23,Brown,2,5.470278205753691,0,0,474,0,0
Rabbit,Rabbit,58,Black,2,12.330112575927515,1,0,165,0,0
Bird,Parakeet,69,White,2,11.512782208341584,1,1,65,0,0
Cat,Persian,104,Black,2,20.865176513232186,1,0,442,0,0
Dog,Poodle,23,Orange,1,2.68998374525666,1,0,194,0,1
Rabbit,Rabbit,105,Orange,1,3.715353906675248,1,0,18,0,1
Bird,Parakeet,36,Brown,1,1.883276434044408,0,0,213,0,0
Rabbit,Rabbit,76,Orange,1,7.016613703707439,1,1,200,1,1
Cat,Persian,113,Brown,2,26.312076790446287,1,0,111,1,0
Cat,Persian,149,Brown,2,9.776072304933896,0,1,372,0,0
Cat,Siamese,39,White,0,5.702951086978453,0,0,335,1,0
Rabbit,Rabbit,12,Gray,0,8.947206101424,0,0,33,0,0
Cat,Persian,118,Black,1,8.559579574477214,0,1,118,0,0
Cat,Persian,85,Black,2,18.87097883058776,0,1,396,1,0
Bird,Parakeet,165,Black,2,27.029303610141643,1,0,470,0,0
Bird,Parakeet,166,Brown,1,13.668941060156673,0,0,132,1,0
Dog,Labrador,170,Gray,1,22.703783987746096,1,0,419,1,1
Dog,Poodle,89,Gray,2,13.82772828345625,1,0,314,0,0
Dog,Golden Retriever,144,White,1,11.341658473357198,1,0,49,0,1
Cat,Siamese,46,Orange,2,28.08458881889883,1,0,46,0,0
Rabbit,Rabbit,167,Black,1,16.200485363147923,1,0,117,1,1
Cat,Persian,157,White,2,3.727734786629073,0,0,427,0,0
Cat,Persian,103,Gray,0,4.907670688796315,1,0,22,1,0
Dog,Golden Retriever,91,Black,0,17.35214392486123,1,0,5,1,0
Rabbit,Rabbit,97,Black,0,21.615935583355707,1,0,325,0,0
Bird,Parakeet,38,Orange,0,5.010212028737684,0,0,144,1,0
Bird,Parakeet,25,White,0,9.656299844173937,1,1,402,1,0
Dog,Poodle,126,Black,0,13.515945544407767,1,1,7,0,0
Dog,Golden Retriever,17,Gray,2,6.052109577070339,0,1,438,0,0
Dog,Golden Retriever,154,Orange,2,29.142717917638823,1,0,237,0,0
Cat,Siamese,94,Orange,2,19.848610846810782,0,0,71,0,0
Dog,Labrador,67,White,1,14.087270138151558,1,0,259,0,1
Rabbit,Rabbit,19,Orange,2,8.81939757735692,0,0,195,0,0
Dog,Golden Retriever,145,White,2,3.203811683159122,1,0,79,0,0
Cat,Siamese,3,White,2,20.48857310323552,0,0,432,0,0
Rabbit,Rabbit,161,Orange,2,11.317448441819144,1,0,334,0,0
Dog,Poodle,64,Black,1,6.505727147858105,1,0,409,1,1
Dog,Golden Retriever,55,Orange,1,25.74209855547621,1,0,91,0,1
Dog,Golden Retriever,77,Brown,2,22.923009619006194,1,1,140,1,0
Cat,Persian,168,White,1,22.593312302929203,1,0,117,0,1
Bird,Parakeet,169,Brown,0,10.90261279164483,1,0,440,1,0
Rabbit,Rabbit,68,White,0,11.692384796114878,1,0,468,0,0
Cat,Siamese,118,Orange,1,12.797856774555484,0,1,344,0,0
Bird,Parakeet,147,Gray,0,14.834398530201284,1,0,220,0,0
Dog,Poodle,11,Gray,2,3.066491646798609,1,1,423,0,0
Dog,Labrador,71,Brown,1,6.496052253883927,1,0,156,0,1
Rabbit,Rabbit,118,White,0,3.7457487246390566,0,1,492,1,0
Dog,Labrador,169,White,1,14.661428155033834,1,1,296,1,0
Cat,Persian,94,Gray,0,3.651361796989568,0,0,342,1,0
Bird,Parakeet,95,Black,1,10.063765914864945,1,0,490,0,1
Dog,Labrador,22,White,0,23.75697904020139,1,0,183,1,1
Rabbit,Rabbit,49,Orange,1,25.5815695557684,1,0,76,1,1
Bird,Parakeet,178,Orange,2,1.501353298137533,1,0,373,1,0
Rabbit,Rabbit,42,Orange,2,23.98808461263196,1,0,470,0,0
Cat,Persian,163,White,0,3.271484599327335,0,0,362,0,0
Rabbit,Rabbit,81,Black,1,17.516117081778948,1,0,136,0,1
Cat,Persian,98,White,1,15.865546537626052,0,0,17,0,0
Bird,Parakeet,120,Black,1,22.612003099000795,0,0,51,0,0
Cat,Persian,168,Brown,1,1.1416495145873062,0,1,111,1,0
Cat,Siamese,153,Brown,2,14.564711585865243,1,0,199,0,0
Dog,Labrador,52,Orange,2,27.86211889360381,1,0,0,0,1
Bird,Parakeet,15,White,2,3.469165460126382,1,0,168,1,1
Rabbit,Rabbit,149,Brown,1,28.84632409910192,1,0,457,0,1
Cat,Persian,91,Brown,1,19.805192511261613,1,1,172,0,0
Bird,Parakeet,162,Brown,2,19.22777689548697,1,0,205,0,1
Dog,Poodle,171,Brown,2,12.140661980650412,1,0,229,1,0
Rabbit,Rabbit,141,White,0,3.1932805512019344,1,0,90,1,0
Cat,Siamese,7,Gray,1,25.634468467928105,0,0,296,0,1
Bird,Parakeet,82,Orange,2,26.71184918069131,0,1,132,0,0
Dog,Golden Retriever,104,Brown,0,12.441982749159822,0,0,496,0,0
Rabbit,Rabbit,163,Brown,1,3.288965796113957,1,0,330,0,1
Cat,Persian,51,Orange,0,7.503929129015253,1,0,27,1,1
Cat,Persian,17,Orange,1,29.54881665391768,0,0,257,0,1
Cat,Siamese,132,Gray,2,24.12276736384892,0,0,490,1,0
Rabbit,Rabbit,122,Black,0,25.81886430659321,1,0,254,0,1
Dog,Golden Retriever,23,White,0,26.127080834222205,1,0,206,0,1
Bird,Parakeet,105,Orange,1,25.157180240831497,1,0,298,1,1
Bird,Parakeet,125,Orange,1,14.766912686718172,1,1,42,0,0
Cat,Siamese,66,Brown,0,12.805226601990428,1,1,3,1,0
Rabbit,Rabbit,149,White,1,4.1941262046500265,0,1,133,0,0
Cat,Siamese,130,Orange,0,7.103330493119494,1,0,171,1,0
Rabbit,Rabbit,124,Brown,1,5.263433692093578,1,0,158,1,1
Rabbit,Rabbit,99,Gray,2,24.483341713020607,1,0,277,0,0
Dog,Labrador,100,Brown,0,9.945607164897904,1,0,355,0,1
Cat,Siamese,73,Brown,2,19.51215188879119,0,0,97,0,0
Dog,Labrador,117,Black,1,27.17348259651869,0,0,115,0,1
Rabbit,Rabbit,128,Orange,0,10.201380529501254,0,1,164,1,0
Cat,Siamese,17,Black,1,21.978445976792923,0,0,194,1,1
Rabbit,Rabbit,67,Black,2,8.932718841056172,1,1,352,1,0
Rabbit,Rabbit,162,Gray,1,22.25344613363305,1,0,14,0,1
Bird,Parakeet,8,Brown,1,9.20369138380459,0,1,214,0,0
Cat,Siamese,5,Brown,1,6.438289464452832,0,0,74,1,1
Bird,Parakeet,153,Black,0,4.052689711932333,0,0,166,1,0
Dog,Poodle,70,Gray,2,13.37692079362366,1,0,251,0,0
Bird,Parakeet,137,White,0,25.762113812230904,0,0,172,1,0
Cat,Persian,27,Gray,1,4.783090888364923,1,0,165,1,1
Cat,Siamese,14,Brown,1,24.715864487093164,1,0,295,0,1
Cat,Persian,30,Black,2,21.69748150162451,1,1,132,0,0
Dog,Labrador,92,Orange,0,23.19284519939175,0,0,255,0,0
Bird,Parakeet,8,White,0,15.993182213081552,0,0,374,0,0
Dog,Poodle,167,Orange,2,25.66245514268892,0,0,76,1,0
Bird,Parakeet,65,Orange,0,1.2903019062149563,0,0,106,0,0
Rabbit,Rabbit,138,Brown,0,10.413655144811395,1,0,162,1,0
Cat,Persian,10,Brown,2,16.52848354005167,1,0,192,1,1
Bird,Parakeet,14,Black,1,14.679264239845075,1,0,371,1,1
Bird,Parakeet,75,Gray,1,26.35809310633368,1,0,67,0,1
Bird,Parakeet,72,Gray,2,24.44237685244414,0,0,145,0,0
Rabbit,Rabbit,125,Black,1,6.097730659081073,1,0,420,1,1
Cat,Siamese,145,Orange,1,17.94527222111856,1,0,239,0,1
Bird,Parakeet,174,Orange,0,19.304454263742063,1,0,487,0,0
Dog,Golden Retriever,65,White,1,6.139236649484968,1,1,427,0,0
Cat,Persian,31,Orange,1,4.587034667799061,1,0,359,0,1
Rabbit,Rabbit,62,Orange,1,16.292270708395932,1,0,499,0,1
Bird,Parakeet,151,Black,1,11.439780144592678,1,1,183,0,0
Dog,Labrador,154,Black,0,14.144756361895618,1,1,161,1,0
Rabbit,Rabbit,144,Gray,1,1.9089373969071348,1,0,230,0,1
Dog,Poodle,63,Orange,0,6.245361208334755,1,0,427,0,0
Bird,Parakeet,43,Brown,1,14.153611478840068,0,0,253,0,0
Cat,Siamese,131,Black,0,21.555178682278463,0,0,415,1,0
Rabbit,Rabbit,158,Brown,1,12.730240869105373,1,0,126,0,1
Bird,Parakeet,53,Black,1,19.101570113991844,1,0,96,0,1
Rabbit,Rabbit,10,White,2,4.06531751249972,1,0,293,0,1
Rabbit,Rabbit,87,Gray,2,22.930774104670185,1,0,425,0,0
Cat,Persian,138,Gray,2,11.854873808783417,1,1,419,0,0
Rabbit,Rabbit,124,White,0,26.612598534784645,1,1,146,1,0
Bird,Parakeet,163,Brown,2,28.828231945804475,1,0,120,1,0
Dog,Labrador,144,Orange,1,14.668332029046985,1,0,27,0,1
Dog,Poodle,113,White,2,5.8361637973080684,0,1,275,1,0
Bird,Parakeet,129,Gray,1,4.179452193520406,1,1,151,0,0
Cat,Persian,67,Black,0,23.744114633682504,0,0,215,0,0
Dog,Labrador,64,Black,0,18.14919941754308,1,0,108,0,1
Dog,Golden Retriever,75,Gray,1,12.105184086456896,1,1,393,0,0
Bird,Parakeet,149,Gray,1,9.031683925613686,1,0,197,0,1
Rabbit,Rabbit,32,White,2,11.523108692858,1,0,82,1,0
Cat,Siamese,65,Gray,0,29.56252821449024,0,0,93,1,0
Cat,Siamese,132,Brown,1,3.7561669788969634,1,0,285,0,0
Rabbit,Rabbit,98,Black,0,27.81033420044753,1,0,436,1,0
Rabbit,Rabbit,13,Black,2,17.33441947094482,1,1,497,0,0
Bird,Parakeet,122,Black,2,5.221457785163836,1,1,247,1,0
Rabbit,Rabbit,147,Orange,1,12.697564845764244,1,0,189,0,1
Bird,Parakeet,122,Orange,2,21.564688553092186,1,0,89,0,0
Rabbit,Rabbit,60,Black,1,23.25109614795328,1,0,91,0,1
Bird,Parakeet,56,Brown,1,12.099146548215368,0,0,137,1,0
Rabbit,Rabbit,64,White,2,11.318000706808798,1,0,312,0,0
Rabbit,Rabbit,23,Gray,2,14.070475689261183,0,0,39,0,0
Rabbit,Rabbit,149,Orange,0,25.23066651176752,0,1,296,1,0
Bird,Parakeet,20,Orange,2,25.622269016179303,1,0,48,0,1
Cat,Siamese,10,Black,1,13.471605010546956,0,0,464,0,1
Rabbit,Rabbit,38,Brown,1,16.35232801907847,1,0,379,0,1
Cat,Siamese,122,Orange,0,28.28551728390305,0,0,1,0,0
Bird,Parakeet,101,Orange,2,22.090785643120583,1,1,1,1,0
Dog,Labrador,127,Black,1,19.90417471578057,1,0,225,1,1
Cat,Siamese,27,Black,1,12.2046759769674,1,1,288,0,0
Cat,Persian,70,White,2,3.3205298229727007,0,0,357,1,0
Cat,Persian,136,White,2,3.099292549665,1,0,292,0,0
Bird,Parakeet,4,Black,1,22.470970611289573,0,0,323,0,1
Dog,Poodle,19,White,1,25.7353818981445,1,0,186,0,1
Dog,Labrador,43,Gray,0,26.34004602217654,1,0,268,0,1
Rabbit,Rabbit,114,White,0,23.135920841154107,1,1,176,1,0
Bird,Parakeet,68,Orange,1,22.196913042057968,1,0,200,0,1
Dog,Poodle,167,Orange,1,24.940393877055733,0,1,50,1,1
Dog,Labrador,93,Orange,0,17.88946974384659,0,0,17,1,0
Dog,Golden Retriever,67,Brown,0,25.487667952525435,1,1,102,0,1
Bird,Parakeet,76,Gray,1,4.082076835545538,0,0,191,1,0
Bird,Parakeet,146,Brown,2,25.198444477266527,1,0,482,0,0
Bird,Parakeet,136,White,0,20.52022909561133,1,0,357,0,0
Bird,Parakeet,35,Black,2,21.73896652752409,0,0,264,0,0
Bird,Parakeet,158,White,1,10.754026074751875,0,0,108,1,0
Bird,Parakeet,22,Orange,2,13.923525223842695,1,1,423,0,0
Rabbit,Rabbit,87,Black,0,7.860469831121901,1,0,213,0,1
Cat,Siamese,171,Orange,0,27.10905494766024,0,0,437,1,0
Cat,Persian,91,Black,0,2.83246009896097,0,1,443,1,0
Rabbit,Rabbit,108,Brown,0,8.026506546813529,1,0,258,0,0
Rabbit,Rabbit,7,Brown,1,16.305099894756978,1,0,303,1,1
Rabbit,Rabbit,80,Gray,2,3.222049657773878,1,0,433,0,0
Bird,Parakeet,124,Brown,0,27.737636802990007,1,0,420,1,0
Rabbit,Rabbit,148,White,2,10.283194089171134,0,0,96,0,0
Cat,Persian,83,White,0,16.528646663148805,1,0,190,1,0
Bird,Parakeet,126,White,0,17.296495189803938,1,0,449,0,0
Bird,Parakeet,56,White,0,20.603782202933864,1,0,499,0,0
Dog,Poodle,42,Black,1,3.624393021780136,1,0,64,0,1
Rabbit,Rabbit,111,Orange,1,1.8285566139963023,1,1,198,1,0
Cat,Siamese,61,Black,1,12.318349351230957,0,0,204,0,0
Dog,Golden Retriever,138,White,0,14.339468420664923,0,0,294,0,0
Dog,Labrador,78,Black,0,15.717763739610612,1,0,127,0,1
Dog,Poodle,173,Gray,2,13.437647292446597,1,0,398,1,0
Cat,Persian,88,Orange,0,15.62831763583967,1,0,242,1,0
Dog,Labrador,127,Black,1,8.44373715785764,1,0,419,0,1
Dog,Labrador,177,Black,2,13.90809324782183,0,0,30,0,1
Cat,Siamese,148,White,0,13.92758367922464,0,0,466,0,0
Rabbit,Rabbit,137,Orange,2,18.87136717655356,1,1,203,0,0
Bird,Parakeet,22,Gray,0,13.886213686827354,0,0,408,1,0
Cat,Persian,47,Brown,1,8.252391598504312,0,0,108,0,0
Dog,Poodle,7,Gray,2,2.2076766478594294,1,0,384,0,1
Rabbit,Rabbit,96,Gray,0,9.255945084783878,1,1,305,0,0
Cat,Persian,35,Brown,0,13.925061917155649,0,1,112,1,0
Cat,Persian,173,Black,2,22.6833149063796,0,0,396,0,0
Bird,Parakeet,130,Orange,2,16.71878502032501,0,0,88,0,0
Cat,Persian,71,White,0,13.225073198322992,1,0,346,1,0
Rabbit,Rabbit,165,Brown,1,28.88645874167149,0,0,330,0,0
Rabbit,Rabbit,135,White,0,15.50842504166721,1,0,178,1,0
Rabbit,Rabbit,124,White,2,24.39388978814381,1,0,466,0,0
Cat,Persian,115,Gray,0,16.845323549140346,0,0,299,0,0
Bird,Parakeet,138,White,1,10.504669550987716,0,1,250,0,0
Dog,Poodle,25,Brown,2,5.464933921328612,1,0,379,0,0
Dog,Poodle,17,Black,1,9.322617184674757,0,1,425,0,0
Bird,Parakeet,59,Black,1,27.182049904042973,0,0,81,0,0
Rabbit,Rabbit,53,Brown,1,20.8196001245636,1,1,286,0,0
Bird,Parakeet,131,Brown,2,15.18909857049649,1,0,244,1,0
Cat,Siamese,37,Orange,2,20.02988643083459,0,0,112,0,0
Rabbit,Rabbit,32,Orange,1,13.888787772473464,1,0,285,0,1
Rabbit,Rabbit,136,Brown,0,4.56473451997021,1,0,400,1,0
Dog,Poodle,17,Black,1,28.05925193891821,1,1,319,1,1
Rabbit,Rabbit,124,Brown,0,9.171957777768714,0,0,52,0,0
Bird,Parakeet,179,Brown,2,2.037221047433122,1,0,488,0,1
Cat,Persian,152,Black,0,7.512224608797995,1,0,14,0,0
Dog,Golden Retriever,81,Orange,2,14.88070124596522,0,0,14,1,0
Cat,Persian,8,White,1,5.343536818746178,1,0,482,1,1
Cat,Siamese,13,Orange,1,26.589866406869863,1,0,110,0,1
Cat,Persian,104,Gray,2,19.28299535408171,0,0,242,1,0
Rabbit,Rabbit,98,Gray,2,17.737977172095892,0,0,316,1,0
Dog,Labrador,151,Black,0,16.31397434703029,0,0,117,0,0
Cat,Persian,10,Black,2,25.90380874266633,0,0,306,0,0
Rabbit,Rabbit,101,Gray,1,29.892607323111548,1,0,230,0,1
Bird,Parakeet,35,Gray,1,11.591609861449577,1,0,310,1,1
Dog,Labrador,22,Black,0,27.36281374400521,1,0,351,0,1
Bird,Parakeet,109,Brown,0,16.662300335743677,0,0,56,0,0
Bird,Parakeet,105,Orange,2,22.42892058779769,1,1,233,0,0
Dog,Poodle,7,White,1,24.58134966255061,1,1,333,0,1
Bird,Parakeet,131,White,0,9.213353430480357,0,0,216,0,0
Rabbit,Rabbit,63,Orange,2,22.62322164309456,1,0,227,0,0
Cat,Persian,26,Orange,1,14.713500344105809,0,0,396,1,0
Bird,Parakeet,139,White,0,4.278536067200793,0,0,32,1,0
Bird,Parakeet,66,White,1,6.588041746096071,0,1,446,0,0
Bird,Parakeet,166,Gray,0,10.819725644266343,0,0,155,0,0
Cat,Persian,75,Brown,1,9.4874719270233,1,0,76,1,1
Cat,Siamese,67,Brown,1,3.021030205173469,1,0,189,1,1
Cat,Siamese,130,White,1,2.1034261709926367,1,0,282,1,1
Cat,Persian,54,Brown,0,6.036477471675855,0,1,492,1,0
Bird,Parakeet,26,Brown,1,14.629374605076038,0,0,298,0,0
Dog,Labrador,159,White,0,26.350898722979984,0,1,198,0,0
Cat,Persian,38,Black,1,27.26965557086508,1,0,432,0,1
Rabbit,Rabbit,92,Brown,1,13.70523787996556,1,0,231,0,1
Rabbit,Rabbit,72,Gray,2,7.744474153448029,0,0,298,0,0
Cat,Siamese,141,Black,1,12.923319037864022,0,1,2,1,1
Bird,Parakeet,175,Brown,1,3.309963900992264,0,0,49,0,0
Rabbit,Rabbit,173,White,0,9.678204158544652,1,0,471,0,0
Rabbit,Rabbit,152,Gray,2,25.78557620014364,1,1,430,0,0
Cat,Siamese,80,Brown,2,16.452566836214537,1,0,25,0,0
Dog,Golden Retriever,128,White,0,1.2933185181642384,1,0,317,1,0
Rabbit,Rabbit,70,Black,1,19.078940208751675,1,0,287,1,1
Dog,Golden Retriever,134,Gray,2,10.649290465531813,1,0,321,0,0
Cat,Siamese,125,Orange,0,29.603517033243666,1,0,341,1,0
Bird,Parakeet,173,Brown,1,19.224262038612512,1,0,171,0,1
Bird,Parakeet,47,Brown,2,9.578858838874032,0,0,120,1,0
Bird,Parakeet,158,Orange,2,20.684858445547103,1,0,37,0,0
Dog,Labrador,21,Orange,2,17.01732342385406,0,0,31,0,1
Rabbit,Rabbit,103,Brown,0,18.503856166568816,0,0,309,1,0
Bird,Parakeet,90,Orange,0,29.22763041841633,0,1,13,0,0
Cat,Persian,87,White,0,26.790244037921266,1,0,480,0,0
Cat,Siamese,143,Black,1,9.289402011238874,1,0,361,0,1
Cat,Persian,32,Brown,2,9.17212316149828,0,1,194,1,0
Cat,Persian,173,Gray,0,3.3507273524504915,1,0,253,0,0
Dog,Labrador,103,White,1,26.36356804059181,1,1,450,0,1
Cat,Siamese,63,Brown,0,2.737829504311362,0,0,260,0,0
Dog,Poodle,14,Orange,0,19.72228030974445,1,0,69,0,1
Rabbit,Rabbit,57,Gray,1,23.304124561711674,1,0,465,0,1
Dog,Poodle,127,Gray,0,22.653457978812472,0,0,62,0,1
Dog,Labrador,163,Brown,0,18.347437498217328,0,0,168,0,0
Rabbit,Rabbit,55,Brown,1,23.54264290838361,1,0,345,0,1
Dog,Labrador,81,Orange,2,2.740237585081342,0,0,426,1,0
Cat,Siamese,112,Brown,1,2.079429432510546,1,1,129,1,0
Bird,Parakeet,174,Gray,0,25.41752231368856,1,0,401,0,0
Cat,Persian,52,White,0,22.920705007466672,0,1,49,0,0
Cat,Siamese,111,Brown,2,23.518119558154336,1,1,121,0,0
Rabbit,Rabbit,171,Black,0,14.76178615459813,0,0,414,0,0
Dog,Labrador,106,Black,1,7.1780242754546615,0,0,333,1,1
Bird,Parakeet,76,White,0,10.82374722222071,0,0,287,0,0
Bird,Parakeet,52,Black,2,23.66892583522553,1,0,88,0,1
Dog,Golden Retriever,134,Black,0,21.96029160431308,0,0,392,1,0
Bird,Parakeet,51,Black,2,21.04775131072164,1,0,143,0,0
Cat,Siamese,124,Black,0,21.247041960732247,1,0,354,0,0
Cat,Siamese,12,Black,2,20.59367785208177,0,1,261,1,0
Rabbit,Rabbit,57,White,0,21.74274539276809,0,0,48,0,1
Cat,Persian,102,Black,0,20.46542513404321,1,0,66,0,0
Bird,Parakeet,99,White,1,17.165449098665274,0,0,170,0,0
Dog,Labrador,130,White,0,18.482545031473457,1,0,18,0,1
Dog,Golden Retriever,160,Black,1,12.6255819187094,0,0,14,0,0
Cat,Persian,64,Gray,0,9.327778188786166,1,1,331,0,0
Dog,Poodle,69,Brown,2,16.31337602111018,1,0,492,1,0
Cat,Siamese,49,Orange,1,29.17397434732004,1,0,427,0,1
Rabbit,Rabbit,9,Orange,1,11.864827351430034,1,0,64,0,0
Cat,Siamese,72,White,1,10.445364135753367,1,0,49,0,1
Cat,Siamese,83,Gray,1,7.853761117793785,1,0,99,1,1
Bird,Parakeet,156,White,0,5.142531320165788,1,0,419,0,0
Rabbit,Rabbit,100,Orange,0,17.81435500983709,1,1,120,0,0
Bird,Parakeet,39,Orange,2,25.60959000506461,0,0,416,0,0
Rabbit,Rabbit,15,Gray,1,13.53418243996568,1,0,219,0,0
Dog,Golden Retriever,84,Brown,2,10.457075642525009,1,0,435,0,0
Bird,Parakeet,35,Gray,2,21.421091129646005,0,1,353,0,0
Rabbit,Rabbit,49,Black,2,18.19649832805553,1,1,436,0,0
Dog,Labrador,16,Brown,1,4.92199454614854,1,0,407,0,1
Rabbit,Rabbit,145,Gray,0,25.445549801034108,1,0,439,0,0
Dog,Labrador,43,Orange,1,7.758294219739301,1,0,328,0,1
Bird,Parakeet,47,Brown,2,16.297382392189583,1,0,239,0,0
Cat,Siamese,23,Brown,2,14.954456392777972,1,0,31,0,0
Bird,Parakeet,149,Brown,0,24.730714773742072,1,0,133,1,0
Rabbit,Rabbit,120,Orange,2,8.813118790557578,1,1,6,0,0
Bird,Parakeet,44,White,0,13.018587362081613,0,0,315,0,0
Cat,Siamese,35,Black,0,12.669413379618474,1,0,165,0,0
Cat,Siamese,78,Orange,2,21.25180116710268,1,0,131,0,0
Cat,Siamese,45,White,1,3.390564888550732,1,0,285,1,1
Dog,Golden Retriever,67,Gray,2,21.518527694617863,1,0,497,0,0
Cat,Siamese,169,Black,1,28.150971246408893,1,0,483,1,1
Cat,Siamese,153,Orange,1,10.068685559102285,1,0,226,0,1
Rabbit,Rabbit,160,Gray,1,1.2609610612144175,1,0,241,0,1
Dog,Labrador,162,Brown,2,23.723932947543627,1,0,270,0,1
Rabbit,Rabbit,168,Brown,0,25.78747793916738,1,0,438,0,1
Bird,Parakeet,141,Black,1,9.86380640824932,1,0,479,1,1
Bird,Parakeet,39,White,2,4.717368198673838,0,0,77,1,0
Rabbit,Rabbit,48,Orange,2,22.25231178090005,0,0,220,0,0
Cat,Siamese,141,Gray,2,12.574171166667146,1,0,242,0,1
Bird,Parakeet,55,White,0,14.90605787622926,1,0,268,1,0
Rabbit,Rabbit,17,Brown,0,9.785409868812437,1,0,403,0,1
Dog,Poodle,56,Black,0,16.307187089276944,0,0,17,1,0
Dog,Golden Retriever,13,Black,2,16.69490920736765,1,0,293,0,1
Bird,Parakeet,171,Gray,0,19.00374530167086,0,1,158,1,0
Bird,Parakeet,109,Brown,2,4.73009775273657,0,0,303,0,0
Cat,Persian,36,Black,0,21.62670891660314,1,0,445,0,0
Rabbit,Rabbit,178,White,2,18.05565589856779,1,1,211,0,0
Dog,Golden Retriever,172,Brown,2,5.28772069800913,1,0,76,1,0
Rabbit,Rabbit,162,Orange,2,15.00734381090298,1,0,89,0,0
Rabbit,Rabbit,137,Brown,1,6.654905388109573,1,1,216,0,0
Dog,Golden Retriever,38,Black,1,3.515710429540065,1,0,187,1,1
Dog,Poodle,58,Brown,2,22.169803514703947,0,0,295,1,0
Rabbit,Rabbit,160,White,0,12.786137689061997,1,0,467,0,0
Bird,Parakeet,139,Black,0,20.94939265220441,1,0,175,0,0
Rabbit,Rabbit,178,Brown,2,5.744644204467654,1,0,55,0,0
Cat,Siamese,176,Brown,0,24.62239115129158,1,1,491,0,0
Bird,Parakeet,168,Black,2,28.488039817973,1,0,459,0,0
Rabbit,Rabbit,173,Brown,1,23.63660904880726,1,0,375,0,1
Cat,Persian,78,Brown,0,24.725020881330703,0,0,403,0,0
Dog,Golden Retriever,119,Gray,0,28.903680412061743,1,0,459,0,0
Rabbit,Rabbit,165,Gray,0,22.37484201168108,1,0,324,0,0
Cat,Persian,79,Black,0,6.323359312291053,1,0,487,0,0
Bird,Parakeet,110,Gray,2,4.1101581713795365,1,1,5,0,0
Cat,Siamese,24,Orange,2,29.730664200070045,0,0,106,0,1
Cat,Persian,84,Black,2,6.992652361859454,0,1,462,0,0
Dog,Labrador,160,Brown,1,24.311936701215856,1,1,171,1,1
Rabbit,Rabbit,172,Brown,0,5.9375154116376425,1,1,124,1,0
Dog,Poodle,28,Gray,1,26.37464295352689,1,0,311,0,1
Cat,Persian,124,Orange,2,17.5772031074738,1,0,322,0,0
Dog,Poodle,135,Black,2,22.37935748356784,1,0,237,0,0
Cat,Persian,68,Black,1,24.806657194777006,0,0,20,0,0
Cat,Siamese,156,Orange,1,1.9728302709525765,1,0,18,0,1
Bird,Parakeet,100,White,1,7.9080736287928675,1,1,260,1,0
Rabbit,Rabbit,26,White,2,1.45518126229211,0,0,449,1,0
Bird,Parakeet,101,Orange,0,16.357607740667568,1,0,111,0,0
Dog,Poodle,58,Black,2,22.68031671488383,1,1,379,0,0
Dog,Poodle,96,Gray,1,15.478044318218467,1,1,309,0,0
Cat,Siamese,11,Black,0,17.734857311545376,1,1,353,0,0
Rabbit,Rabbit,155,Orange,0,18.848091191147773,1,0,211,1,0
Cat,Siamese,11,Brown,2,3.9723935464871714,1,1,342,1,0
Bird,Parakeet,119,White,2,19.380112303789137,0,0,205,1,0
Rabbit,Rabbit,73,Black,2,14.716727217246428,1,0,407,0,0
Rabbit,Rabbit,100,Orange,0,20.712048084050988,1,1,60,0,0
Rabbit,Rabbit,38,White,1,15.095281756054971,0,0,145,0,0
Bird,Parakeet,130,Gray,0,1.4168156015555518,1,0,189,0,0
Bird,Parakeet,103,White,0,6.342377079594419,1,0,262,1,1
Dog,Labrador,109,Gray,1,18.616680863348503,1,1,240,1,1
Rabbit,Rabbit,60,Gray,1,1.1578675665590266,0,0,54,0,0
Bird,Parakeet,166,Gray,2,20.71917959259192,1,1,498,1,0
Dog,Golden Retriever,54,Gray,1,24.09228480534123,0,0,95,0,0
Dog,Golden Retriever,107,Brown,2,27.8333576490015,0,0,346,0,0
Dog,Poodle,150,Orange,0,24.2337579480796,1,0,257,0,0
Rabbit,Rabbit,88,Orange,1,11.877882754232148,1,0,353,1,1
Bird,Parakeet,137,Orange,0,21.367424403171498,0,1,268,0,0
Cat,Persian,128,Gray,1,4.383984478141095,0,0,169,0,0
Cat,Siamese,170,Black,2,29.53944763096088,1,0,361,0,0
Rabbit,Rabbit,37,Orange,0,19.282110933059275,1,1,148,0,0
Rabbit,Rabbit,59,White,2,17.385943224302544,1,1,87,0,0
Rabbit,Rabbit,113,Gray,0,24.903771591763363,0,0,167,0,0
Bird,Parakeet,97,White,0,3.339423254344144,0,0,217,1,0
Dog,Labrador,88,Black,2,5.104114871048844,1,0,72,0,1
Cat,Siamese,141,Black,2,5.203043286175516,0,1,247,0,0
Rabbit,Rabbit,49,Black,1,15.29399228195348,0,0,186,1,0
Bird,Parakeet,144,Black,1,2.8108839742438,1,0,317,0,1
Dog,Labrador,70,Brown,2,20.986260902397984,0,0,301,1,0
Dog,Labrador,52,Orange,1,12.295964752416852,0,0,305,1,1
Cat,Siamese,13,Orange,1,15.763373028427662,1,0,208,1,1
Rabbit,Rabbit,57,Orange,0,11.11724208155342,1,0,129,0,0
Rabbit,Rabbit,82,Brown,1,3.682982014309739,1,0,285,0,1
Dog,Golden Retriever,47,Brown,1,16.55924264341,0,0,340,1,0
Cat,Persian,70,Gray,0,2.043006930188972,1,1,42,0,0
Dog,Labrador,130,Gray,2,8.617422324584052,1,0,144,0,1
Dog,Golden Retriever,16,Gray,2,11.738498926798217,0,0,361,1,0
Cat,Persian,146,Orange,0,8.987467205544712,1,1,245,1,0
Dog,Labrador,7,Orange,2,25.81207792819134,1,0,142,1,1
Rabbit,Rabbit,49,Gray,0,25.053437242585414,1,0,212,1,0
Rabbit,Rabbit,147,Gray,0,16.526986729832565,1,0,40,0,0
Cat,Persian,59,White,1,18.94911972013957,1,0,72,0,1
Cat,Siamese,28,Brown,2,18.642151349418683,1,0,492,0,0
Bird,Parakeet,27,Orange,2,29.948451067662468,0,0,490,1,0
Dog,Poodle,68,White,0,23.605007489651324,1,1,144,0,0
Dog,Labrador,21,Brown,0,23.1444889455524,1,0,448,0,1
Cat,Siamese,140,Black,1,23.477372209834456,1,0,239,0,1
Cat,Persian,51,Orange,0,12.853569121447308,1,0,434,1,0
Cat,Persian,109,White,2,24.36458599223842,1,0,342,0,0
Dog,Poodle,121,Black,0,15.742309139373177,1,0,234,0,0
Bird,Parakeet,21,Black,1,9.271140594946631,1,0,461,0,1
Rabbit,Rabbit,83,Gray,2,10.399920041151091,1,0,234,0,0
Rabbit,Rabbit,169,Orange,1,15.552790890674816,0,0,480,0,0
Rabbit,Rabbit,141,Gray,1,9.494830898690564,1,0,379,0,1
Cat,Siamese,59,Gray,1,7.938507019792453,0,0,317,1,0
Dog,Golden Retriever,112,Orange,2,8.448071094030372,1,1,184,1,0
Dog,Golden Retriever,100,Brown,2,14.34185938567929,1,0,9,0,0
Cat,Siamese,37,Black,2,11.12252030938499,0,0,170,0,0
Rabbit,Rabbit,21,Gray,0,12.777189434574176,0,0,441,0,0
Rabbit,Rabbit,84,Gray,0,3.954860865175032,1,0,242,1,0
Bird,Parakeet,70,Orange,2,21.3395432490028,1,0,413,0,0
Rabbit,Rabbit,96,Gray,1,16.057002263500344,0,0,183,1,0
Dog,Labrador,39,White,0,5.211525577542223,1,0,307,0,1
Dog,Golden Retriever,1,White,1,2.446072718331187,1,0,87,0,1
Dog,Golden Retriever,75,Gray,0,17.23981647244318,0,1,353,0,0
Dog,Labrador,6,Gray,0,17.858309572026545,1,0,173,0,1
Cat,Persian,113,Orange,1,3.237186848495769,1,0,376,1,1
Dog,Poodle,93,Gray,2,26.03947042113125,1,0,451,0,0
Cat,Persian,147,Orange,1,9.657889853482754,0,0,423,1,0
Rabbit,Rabbit,116,Brown,2,12.588356837005168,0,0,200,0,0
Rabbit,Rabbit,36,Black,0,28.77707630678302,1,0,139,1,0
Rabbit,Rabbit,109,Brown,2,2.572140581973799,1,0,16,1,0
Cat,Siamese,150,Brown,0,13.362633804699351,0,0,242,0,0
Bird,Parakeet,90,Black,0,15.155028965939954,1,0,203,0,0
Rabbit,Rabbit,71,Brown,0,28.89408135609196,1,0,451,0,0
Dog,Poodle,45,White,2,24.34015170159769,0,0,79,0,0
Cat,Siamese,153,Orange,1,11.114076174486565,1,0,154,1,1
Dog,Labrador,68,Brown,2,10.12934670869648,1,0,420,0,1
Dog,Golden Retriever,3,Black,1,18.62318120143064,1,0,414,0,1
Bird,Parakeet,131,Orange,1,29.907423667686768,1,0,232,0,1
Cat,Siamese,120,White,1,3.062210538189667,1,0,5,0,1
Bird,Parakeet,22,Gray,1,20.391455662038897,0,0,433,0,1
Dog,Labrador,105,Brown,1,12.168077566707693,1,0,401,0,1
Rabbit,Rabbit,2,Black,2,18.38139902693828,1,1,172,0,0
Bird,Parakeet,87,White,0,14.602161353312924,0,0,161,0,0
Bird,Parakeet,64,Black,2,15.279651016925737,1,0,481,0,0
Cat,Siamese,27,Black,1,20.44567468867664,0,0,445,0,1
Bird,Parakeet,92,Black,0,16.10558317497782,1,0,17,1,0
Dog,Poodle,74,Black,1,13.944282803467852,0,0,367,0,0
Bird,Parakeet,36,Black,2,14.399140942347112,1,0,109,0,0
Bird,Parakeet,107,Gray,2,8.569823354539595,1,1,152,0,0
Dog,Poodle,86,Brown,1,10.851085935908026,1,0,223,0,1
Cat,Siamese,13,Orange,2,7.252683192048298,1,0,137,0,1
Dog,Labrador,162,Brown,1,16.776868993542692,1,0,448,1,1
Dog,Labrador,84,White,2,1.4494490129595188,1,0,32,0,1
Cat,Siamese,22,Gray,1,21.36254619071021,1,1,9,0,1
Dog,Poodle,145,Brown,2,8.720713543465497,1,0,31,0,0
Dog,Labrador,106,Gray,2,19.515197048912167,0,0,57,0,0
Rabbit,Rabbit,14,Brown,1,17.165788047744396,0,0,466,0,1
Dog,Labrador,12,White,1,26.770621301259,0,1,142,0,1
Bird,Parakeet,2,Brown,0,18.13366037196972,1,0,213,0,1
Dog,Labrador,120,Gray,2,18.716865237020865,1,1,450,0,0
Rabbit,Rabbit,133,Orange,1,26.68122386398332,0,0,401,0,0
Bird,Parakeet,89,White,2,27.92173738816303,1,1,374,1,0
Dog,Golden Retriever,143,Gray,1,16.287303067132676,1,0,200,1,1
Dog,Poodle,69,Brown,2,28.92385739116309,1,0,355,1,0
Bird,Parakeet,21,Brown,2,17.121448495155292,0,1,472,0,0
Bird,Parakeet,41,Black,0,27.141958056613007,1,0,35,0,0
Bird,Parakeet,135,Gray,2,18.50858436833444,1,0,492,0,0
Dog,Labrador,93,White,2,17.15319738308073,1,1,481,1,0
Dog,Labrador,69,Orange,1,4.259192036454249,1,0,333,0,1
Cat,Persian,21,White,2,1.0633401428602145,0,0,420,1,0
Dog,Poodle,167,Brown,1,8.493386788240732,1,0,241,0,1
Dog,Labrador,130,Brown,2,17.894498367229524,1,0,96,0,1
Rabbit,Rabbit,90,Black,2,13.867341963860367,1,0,292,0,0
Dog,Labrador,70,White,0,28.64387818465575,1,0,200,0,0
Rabbit,Rabbit,89,Brown,1,6.508050220680415,0,0,80,0,0
Bird,Parakeet,114,Black,1,13.897921047858365,1,0,77,1,1
Cat,Persian,166,Gray,0,27.59187227997217,1,0,145,0,0
Cat,Persian,171,Gray,1,4.658439792346687,0,0,45,0,0
Cat,Persian,104,White,0,1.018197982225229,1,0,159,0,0
Dog,Golden Retriever,48,White,0,17.285946468040336,1,0,462,0,0
Dog,Golden Retriever,101,White,2,17.947481726094264,0,0,279,0,0
Bird,Parakeet,79,Gray,0,11.02405113071392,1,0,30,0,0
Dog,Labrador,139,Black,1,7.411075031605763,1,0,313,0,1
Bird,Parakeet,48,Brown,1,17.561701710600925,1,0,388,1,1
Rabbit,Rabbit,135,White,2,21.524843020556546,1,0,143,0,0
Bird,Parakeet,65,White,1,2.251938435025302,1,0,295,0,1
Rabbit,Rabbit,125,Gray,1,1.1472855762960892,1,0,411,1,1
Cat,Siamese,25,Black,1,17.380401664805373,0,0,482,0,0
Cat,Siamese,99,Orange,2,12.169716205403676,1,1,128,0,0
Dog,Golden Retriever,163,Black,0,23.5744237966606,1,0,66,0,0
Bird,Parakeet,158,Black,1,18.62557471959973,1,0,142,0,1
Dog,Labrador,110,Gray,1,22.19930012504501,0,0,228,0,1
Rabbit,Rabbit,130,Orange,2,14.051860942056988,0,0,227,1,0
Bird,Parakeet,144,Black,1,6.989497715188185,0,0,159,0,0
Bird,Parakeet,60,Orange,2,17.22888881369699,0,0,295,0,0
Cat,Persian,32,Gray,1,18.869305991165323,0,0,324,0,0
Cat,Siamese,70,Orange,1,26.740641555324693,0,0,208,1,0
Rabbit,Rabbit,102,Gray,2,23.31962275262598,1,0,183,0,0
Cat,Persian,103,Orange,1,22.93963584956098,0,0,79,0,0
Bird,Parakeet,25,Brown,0,20.816464516204167,1,0,81,1,0
Dog,Labrador,62,Gray,1,7.558396394261434,1,0,181,0,1
Bird,Parakeet,94,White,0,27.539847001262093,1,0,160,0,0
Bird,Parakeet,25,White,1,28.413904167297463,1,0,259,0,1
Dog,Labrador,75,Gray,1,9.384964834144068,1,0,143,0,1
Dog,Poodle,11,Gray,0,25.173649179726365,1,0,6,0,1
Rabbit,Rabbit,44,Brown,1,8.35485320151836,1,0,357,0,1
Cat,Siamese,100,Black,2,25.39211195922724,1,0,394,0,0
Bird,Parakeet,51,Black,2,19.29468012070824,1,0,195,1,0
Dog,Labrador,43,Orange,2,9.420678162094594,0,1,107,1,0
Bird,Parakeet,126,Black,2,22.098556389674137,1,0,90,1,0
Bird,Parakeet,58,Brown,1,20.771779435865184,1,1,360,0,0
Rabbit,Rabbit,57,Gray,1,12.998254029829566,1,0,72,0,1
Dog,Poodle,86,Orange,0,16.31857162408755,1,1,390,0,1
Dog,Labrador,131,White,0,24.47339716542163,1,0,119,0,1
Rabbit,Rabbit,141,Black,2,27.739415261686112,0,0,40,0,0
Cat,Siamese,82,Black,2,2.607556679295781,0,0,163,1,0
Bird,Parakeet,64,Gray,1,19.78684683990864,1,0,434,0,0
Bird,Parakeet,119,Brown,1,12.092049356895236,1,0,24,0,1
Rabbit,Rabbit,83,Black,1,26.74831502368858,1,1,14,0,0
Bird,Parakeet,134,Brown,0,27.615406922338742,0,0,237,0,0
Cat,Persian,132,Brown,2,17.281712960060606,1,1,481,1,0
Rabbit,Rabbit,151,White,2,10.28164507967344,1,1,110,0,0
Rabbit,Rabbit,145,White,2,1.4214899227137296,0,0,163,0,0
Cat,Siamese,80,Black,1,5.208061628497057,1,0,483,1,1
Bird,Parakeet,65,Brown,0,1.863924616946043,0,0,207,0,0
Cat,Siamese,80,Gray,2,8.740079354864383,1,1,268,1,0
Bird,Parakeet,6,Gray,2,4.733668883395679,0,0,87,1,0
Bird,Parakeet,143,Orange,1,7.440383458060706,1,0,321,0,1
Dog,Labrador,133,Black,0,2.019552769406541,0,0,104,0,0
Rabbit,Rabbit,85,Brown,0,8.045415488924274,0,0,214,0,0
Cat,Persian,111,White,0,29.980752119521625,1,0,134,0,0
Rabbit,Rabbit,113,Orange,1,27.698215964612498,1,1,384,1,0
Bird,Parakeet,31,Black,0,1.5813339864443765,1,0,461,0,0
Bird,Parakeet,43,Orange,2,11.29300482807247,0,0,363,0,0
Bird,Parakeet,42,Brown,0,3.080220396632343,1,0,396,0,0
Dog,Golden Retriever,25,Black,1,3.3783114950374413,1,0,301,0,1
Dog,Labrador,156,Gray,1,21.494838734292244,1,0,126,0,1
Rabbit,Rabbit,58,Orange,1,3.0098306745437124,1,1,134,1,0
Rabbit,Rabbit,21,Orange,0,26.7738220287579,1,0,282,1,1
Dog,Labrador,147,White,0,4.369236653368585,1,0,118,1,1
Bird,Parakeet,179,Brown,0,29.475254346321343,1,0,197,0,1
Dog,Golden Retriever,49,Orange,1,10.888030340412056,1,1,116,0,0
Cat,Siamese,8,Black,0,20.352623640363102,1,0,197,0,1
Dog,Golden Retriever,177,White,2,21.386760058257764,1,0,143,0,0
Bird,Parakeet,46,White,1,26.60066928916841,1,0,0,1,1
Rabbit,Rabbit,20,Black,2,22.69506436873719,1,0,355,0,1
Dog,Poodle,27,Orange,1,26.35977799522563,1,0,222,0,1
Dog,Golden Retriever,108,Gray,1,3.121132774870234,1,0,148,1,1
Rabbit,Rabbit,85,Black,2,12.379080927048918,0,0,494,1,1
Bird,Parakeet,131,Orange,2,5.039767822529515,1,0,140,0,0
Cat,Persian,111,White,2,25.06117484809485,1,0,277,0,0
Dog,Golden Retriever,173,Black,1,13.660869930512908,1,0,391,1,1
Cat,Persian,32,Brown,0,16.130553547936522,1,0,91,0,0
Cat,Siamese,179,Orange,0,22.96532799782642,1,0,134,1,0
Bird,Parakeet,151,Gray,0,4.39250834517247,0,1,216,0,0
Rabbit,Rabbit,81,Black,0,12.453410394622402,1,1,229,0,0
Cat,Persian,113,Orange,2,8.42030368355417,1,0,496,1,0
Cat,Persian,107,Black,2,6.596536230231829,0,1,55,1,0
Rabbit,Rabbit,147,Gray,0,3.9370075910991846,0,0,119,0,0
Cat,Persian,139,Black,2,1.3193873917326164,1,0,178,0,0
Dog,Labrador,118,White,2,19.727019475577872,0,1,349,0,0
Rabbit,Rabbit,135,White,2,14.923127010616303,0,1,23,0,0
Bird,Parakeet,104,Gray,0,15.864933190842804,0,0,254,0,1
Cat,Persian,84,Brown,0,3.725736953081459,1,1,364,0,0
Rabbit,Rabbit,98,Orange,1,24.223277951377213,1,0,350,1,1
Bird,Parakeet,86,Orange,0,4.678473879885318,1,0,477,0,0
Bird,Parakeet,13,Orange,2,22.60109539552211,1,0,464,0,1
Bird,Parakeet,1,Orange,1,21.70312706850134,1,1,279,0,1
Dog,Golden Retriever,80,Gray,1,18.53264919748902,0,1,94,0,0
Bird,Parakeet,178,White,2,13.49729875903148,1,0,199,0,0
Rabbit,Rabbit,67,Black,1,4.575233896119971,1,0,178,0,1
Rabbit,Rabbit,39,White,0,25.99452960242946,1,0,57,1,0
Cat,Persian,65,Gray,1,27.608801943294,1,0,147,0,1
Cat,Siamese,102,Brown,0,24.4185514065418,1,0,274,1,0
Rabbit,Rabbit,99,Gray,0,26.16160682688648,1,0,32,1,0
Rabbit,Rabbit,117,Gray,0,7.990866029845362,1,0,207,0,0
Rabbit,Rabbit,92,Brown,0,7.79673262965839,1,1,246,0,0
Bird,Parakeet,62,Brown,1,13.979528564731192,1,0,215,1,1
Rabbit,Rabbit,151,Gray,1,3.737526801211916,0,0,176,0,0
Dog,Labrador,12,White,1,26.951206820460072,1,1,387,0,1
Rabbit,Rabbit,49,Black,1,6.545105014655512,1,1,203,1,0
Dog,Labrador,156,Orange,0,6.898977063751136,1,0,114,0,1
Cat,Siamese,58,White,2,10.109184753591752,1,1,203,1,1
Rabbit,Rabbit,132,Orange,2,8.969136512269117,1,0,393,0,0
Dog,Poodle,63,Black,2,10.44760676862293,1,1,352,1,0
Bird,Parakeet,60,Gray,2,7.29599365462682,0,0,231,1,0
Cat,Siamese,17,Black,1,7.040052579452828,0,0,28,1,1
Cat,Siamese,60,White,0,9.09517986344683,1,1,88,0,0
Dog,Golden Retriever,145,Brown,0,16.08564362399268,1,0,466,0,0
Rabbit,Rabbit,52,White,2,15.919120597644644,1,0,0,0,0
Bird,Parakeet,25,White,1,6.084692999928938,1,0,455,1,1
Cat,Siamese,149,Brown,1,8.655290071585068,1,0,269,0,1
Dog,Golden Retriever,76,White,2,28.16317783295575,1,1,441,0,0
Cat,Persian,115,White,1,6.063716592485596,1,1,114,0,0
Bird,Parakeet,12,Gray,2,29.07112410632871,0,0,351,1,0
Rabbit,Rabbit,162,Orange,2,4.981797879106527,1,0,181,0,0
Dog,Poodle,75,Black,2,5.1418992041195954,1,0,435,0,0
Rabbit,Rabbit,134,Brown,0,25.23770905478344,1,0,313,0,0
Rabbit,Rabbit,107,Orange,2,22.817720161358665,1,0,132,1,0
Dog,Golden Retriever,6,Gray,1,24.553208031489795,1,0,488,0,1
Dog,Poodle,75,White,1,28.497756695548954,0,0,294,1,0
Dog,Poodle,129,Orange,1,1.7209259615580308,1,0,309,0,1
Bird,Parakeet,169,Black,2,19.94539668613952,1,0,442,1,1
Bird,Parakeet,121,Gray,2,9.407818116357827,0,0,127,1,0
Rabbit,Rabbit,19,Gray,2,9.222892316379784,1,0,141,0,1
Rabbit,Rabbit,24,White,2,18.62288359047352,1,0,475,1,0
Rabbit,Rabbit,162,Brown,2,15.487427437902053,0,0,105,0,0
Cat,Persian,41,Brown,1,22.153048013069675,0,0,233,1,0
Bird,Parakeet,34,Gray,1,6.144874633514288,0,0,460,0,0
Cat,Siamese,159,Gray,2,11.144297280835804,1,0,464,1,0
Rabbit,Rabbit,64,White,1,20.25891946328884,0,1,148,0,0
Cat,Siamese,91,Brown,0,21.12241952432686,0,1,59,1,0
Dog,Labrador,95,Orange,2,13.223824292798424,0,0,487,0,0
Dog,Labrador,116,Gray,1,22.555539781498226,1,0,196,0,1
Bird,Parakeet,70,Black,1,21.108075117830808,1,0,178,0,1
Rabbit,Rabbit,46,Brown,2,3.446755996716646,1,0,168,0,0
Rabbit,Rabbit,106,Black,2,21.9375112615977,1,1,111,0,0
Cat,Siamese,51,Gray,0,22.38381618888947,0,0,63,0,0
Dog,Golden Retriever,139,Orange,2,11.407192038821904,1,0,482,1,0
Bird,Parakeet,175,White,0,14.213142845300805,1,0,220,0,0
Dog,Golden Retriever,99,Gray,1,15.836127708749927,1,1,149,0,0
Rabbit,Rabbit,101,White,2,26.26667587283456,1,0,295,0,0
Rabbit,Rabbit,94,Orange,1,20.632325817019822,0,0,422,0,0
Dog,Poodle,81,White,0,22.24080231478303,1,0,363,1,1
Rabbit,Rabbit,158,Brown,2,18.597970344068905,1,0,60,0,0
Cat,Persian,109,Brown,2,27.788550806732808,1,0,247,0,0
Bird,Parakeet,102,Gray,2,24.366659873165485,1,0,415,0,0
Rabbit,Rabbit,54,Black,1,25.773483785064244,1,0,172,0,1
Cat,Persian,89,Gray,0,22.05949503200105,1,0,367,0,0
Cat,Persian,106,White,2,17.110226973818868,0,0,298,0,0
Bird,Parakeet,19,Orange,1,14.499664329296913,1,0,276,0,1
Cat,Siamese,53,White,2,9.986103832846055,1,0,234,1,0
Dog,Poodle,2,White,2,2.2907621390089687,1,0,139,1,1
Cat,Persian,59,Brown,2,23.15493269344292,1,0,165,1,0
Rabbit,Rabbit,67,Brown,1,5.550600889079588,0,0,315,0,0
Rabbit,Rabbit,72,Brown,0,25.163080950776244,0,0,89,1,0
Rabbit,Rabbit,125,Brown,2,27.963959956284587,1,0,324,0,0
Bird,Parakeet,100,Brown,2,26.14531991759429,1,1,362,0,0
Rabbit,Rabbit,104,Black,0,24.635444183608296,0,0,69,0,0
Dog,Labrador,141,Gray,2,27.595226604624585,1,0,88,0,1
Rabbit,Rabbit,126,Gray,2,29.94878674903289,1,1,76,0,0
Rabbit,Rabbit,93,Black,1,15.01866485916712,1,0,196,0,1
Rabbit,Rabbit,16,Brown,2,26.823617645532806,1,0,437,0,1
Cat,Persian,46,Brown,2,12.60085944360245,1,0,70,0,0
Rabbit,Rabbit,85,Gray,2,28.89475892304553,0,0,398,0,0
Dog,Labrador,90,Brown,1,25.70710835311941,0,0,132,0,1
Cat,Persian,91,Orange,0,24.3698734546878,1,0,7,0,0
Dog,Poodle,119,Brown,1,18.43164385449278,1,0,190,1,1
Dog,Poodle,39,White,0,21.238067465212183,1,0,409,0,0
Bird,Parakeet,12,Gray,2,26.444813016459264,1,0,371,0,1
Bird,Parakeet,86,Black,2,15.736895383974934,1,0,155,0,0
Cat,Persian,99,Brown,1,12.89849128537445,1,0,468,0,1
Dog,Poodle,96,White,2,23.300425661630253,1,0,165,1,1
Cat,Siamese,58,Orange,1,11.981552089210725,0,0,52,0,0
Rabbit,Rabbit,161,Black,2,25.963515017915388,1,0,184,0,0
Dog,Poodle,156,Gray,0,9.840306908431742,0,0,292,0,0
Bird,Parakeet,25,Gray,1,12.312495124626196,1,1,389,1,0
Rabbit,Rabbit,99,Gray,0,20.51195076818444,1,0,399,0,0
Rabbit,Rabbit,99,Orange,1,10.090843435547065,1,1,222,0,0
Cat,Siamese,176,White,2,7.149300632106258,1,1,128,0,0
Dog,Golden Retriever,31,Gray,1,24.757792150970182,1,0,358,0,1
Dog,Poodle,131,Gray,0,17.56865714418593,1,0,314,0,0
Bird,Parakeet,86,Black,0,11.403083566836864,1,0,102,0,0
Cat,Persian,63,Black,2,2.295175274988064,0,0,332,0,1
Bird,Parakeet,123,Orange,2,4.829020129809871,1,0,152,0,0
Rabbit,Rabbit,164,White,1,4.076661608774366,0,0,128,0,0
Rabbit,Rabbit,102,Brown,1,4.477733908886775,0,0,293,0,0
Bird,Parakeet,149,Gray,1,20.18198668177993,1,0,51,1,0
Dog,Golden Retriever,152,White,2,14.4429911186744,1,0,30,0,0
Dog,Poodle,109,White,1,10.479904628612587,1,1,136,0,0
Bird,Parakeet,102,White,2,17.70862056495302,0,1,419,0,0
Cat,Siamese,14,White,2,4.068210423300057,1,0,370,0,0
Cat,Persian,78,Orange,1,21.042070231561684,1,0,289,0,1
Dog,Labrador,172,Gray,1,1.5137016676722814,1,0,348,0,1
Rabbit,Rabbit,29,Orange,1,9.879681693980356,0,0,338,0,0
Rabbit,Rabbit,102,Black,1,10.90856264073517,0,0,34,0,0
Bird,Parakeet,21,Brown,2,12.53542719440015,1,0,37,0,1
Cat,Persian,30,White,1,16.87478577403553,0,0,389,0,0
Dog,Labrador,41,Black,1,20.68812442467601,1,0,111,1,1
Bird,Parakeet,4,White,0,8.948412673588876,0,1,423,0,0
Bird,Parakeet,56,Black,2,6.820672444499974,1,0,406,0,0
Cat,Siamese,24,White,1,15.160979641949508,1,1,464,0,0
Rabbit,Rabbit,69,White,1,9.343834600210853,0,0,443,1,0
Cat,Persian,173,Black,1,23.667427917853104,1,0,186,0,1
Dog,Labrador,81,Brown,0,22.21870836483697,1,1,100,0,0
Rabbit,Rabbit,101,Brown,0,10.52952584491544,1,0,445,0,0
Bird,Parakeet,45,Gray,0,1.952844234471494,1,0,397,0,0
Dog,Golden Retriever,105,Gray,1,12.008381337001635,1,0,246,0,1
Bird,Parakeet,107,Gray,0,12.715312215789424,1,1,134,0,0
Dog,Golden Retriever,174,White,2,5.629349946429764,0,0,32,0,0
Dog,Golden Retriever,154,Gray,2,22.56447300925792,1,1,479,0,0
Cat,Persian,59,Orange,1,13.72136538891569,1,0,367,0,1
Dog,Poodle,21,Black,2,6.82543822406662,1,0,86,1,1
Bird,Parakeet,141,Brown,2,5.096067242770163,0,0,86,0,0
Rabbit,Rabbit,32,Brown,0,9.232467266130683,1,0,113,0,0
Rabbit,Rabbit,72,Black,1,26.51795734551284,0,0,429,1,1
Cat,Siamese,83,Black,0,22.31066509448843,1,0,303,0,0
Dog,Labrador,178,Black,2,1.313153379295847,1,0,278,1,1
Cat,Siamese,157,Brown,0,16.093226672042107,0,1,262,0,0
Rabbit,Rabbit,82,White,1,3.322595780463676,0,1,466,1,0
Rabbit,Rabbit,106,Gray,0,29.9298951954332,1,0,239,1,0
Bird,Parakeet,150,Black,0,4.237441952485787,0,0,215,1,0
Cat,Persian,42,Black,0,24.71766923903014,1,0,437,0,0
Rabbit,Rabbit,121,Orange,0,22.248305332253405,0,1,68,0,0
Bird,Parakeet,143,White,2,23.421863060661806,1,0,325,1,0
Cat,Siamese,53,Orange,0,17.28286036836363,0,1,2,0,0
Rabbit,Rabbit,73,Brown,1,25.892712794870096,0,0,135,1,0
Dog,Poodle,174,Gray,1,5.998127210203935,1,0,68,1,1
Bird,Parakeet,143,Orange,1,27.615000636419666,0,1,409,0,0
Dog,Golden Retriever,2,Gray,0,12.196876476287043,0,0,443,1,0
Rabbit,Rabbit,76,Orange,2,11.938184961743062,0,0,466,1,0
Dog,Golden Retriever,168,Black,2,8.213036419928114,1,0,458,1,0
Bird,Parakeet,75,Orange,1,10.30125967799552,1,1,321,0,0
Rabbit,Rabbit,144,Gray,0,6.656586944854537,0,1,236,0,0
Bird,Parakeet,151,Black,0,14.9722998336293,1,0,468,0,0
Bird,Parakeet,142,Orange,0,25.286075950207284,0,0,313,0,0
Cat,Siamese,99,White,1,19.792918062595,1,0,341,1,1
Bird,Parakeet,14,Black,1,2.580844807414917,1,0,483,0,1
Rabbit,Rabbit,12,Orange,1,21.867797517731404,1,0,289,0,1
Dog,Poodle,114,White,2,2.259567359833486,1,0,235,1,0
Dog,Golden Retriever,3,Orange,0,26.691741318859325,1,0,278,0,1
Cat,Persian,8,Orange,0,6.116753343640159,1,0,341,0,1
Dog,Poodle,114,Black,0,23.131351674621275,0,1,407,0,0
Rabbit,Rabbit,169,Brown,1,1.5815285837362474,1,0,150,0,1
Rabbit,Rabbit,174,Black,1,16.15857416796043,1,0,364,0,1
Cat,Siamese,72,Gray,0,28.695664668738388,1,1,239,1,0
Rabbit,Rabbit,115,Gray,1,4.248339678977965,1,0,18,1,1
Dog,Labrador,161,Gray,0,21.010748894278983,1,1,296,0,0
Cat,Persian,170,Black,0,17.25156966077834,0,0,99,1,0
Cat,Persian,74,Gray,2,15.925416197503,1,0,74,1,0
Bird,Parakeet,120,Orange,2,18.967478518581128,0,0,327,0,0
Dog,Labrador,82,Gray,0,17.06512854646997,1,0,120,1,1
Cat,Persian,108,Orange,0,28.92972979603628,0,0,231,0,0
Rabbit,Rabbit,96,Gray,1,29.507579944214395,1,0,67,1,1
Bird,Parakeet,120,Orange,2,28.11959859892201,0,0,103,0,0
Cat,Persian,140,Orange,1,9.430946920999288,1,0,275,1,1
Bird,Parakeet,112,Orange,1,26.12639468406393,1,1,326,0,1
Bird,Parakeet,159,White,1,20.30909400190401,1,1,74,0,0
Rabbit,Rabbit,36,Black,0,7.095567092846545,1,0,135,1,0
Dog,Golden Retriever,93,Brown,0,2.6051438873247603,1,0,163,0,0
Cat,Siamese,110,Gray,1,23.247950835022763,0,0,344,1,0
Dog,Poodle,47,Orange,2,7.664383901257287,0,0,192,0,0
Cat,Persian,121,Orange,1,13.579569957807456,0,0,42,0,0
Cat,Persian,177,Brown,0,22.958484470777115,0,0,485,0,0
Cat,Persian,156,White,2,24.97553042869984,0,1,449,0,0
Bird,Parakeet,16,Brown,2,9.831172485390116,1,1,367,0,0
Bird,Parakeet,164,Gray,0,22.018822273793194,1,0,422,1,0
Dog,Labrador,8,Orange,2,1.2836020288670942,1,0,416,0,1
Rabbit,Rabbit,55,Orange,2,22.32228527289701,1,1,478,0,0
Cat,Persian,26,Brown,1,18.68098277623747,1,0,12,0,1
Bird,Parakeet,154,Orange,0,26.776797853409164,1,0,82,0,0
Rabbit,Rabbit,71,Black,1,22.73597603954664,1,0,418,0,1
Rabbit,Rabbit,104,Gray,2,22.261437670090977,1,0,280,0,0
Bird,Parakeet,101,Black,1,24.169508300079475,0,0,251,0,0
Dog,Golden Retriever,112,Orange,0,20.64643727295923,1,0,201,0,0
Bird,Parakeet,146,White,2,14.34339831289644,0,0,82,0,0
Rabbit,Rabbit,145,White,2,28.29522612949988,1,0,196,1,0
Dog,Poodle,28,Brown,0,2.163613987569275,1,1,281,1,0
Rabbit,Rabbit,152,Black,0,11.91065197247454,1,0,417,0,0
Bird,Parakeet,163,Black,0,20.997908900463663,1,0,477,0,0
Dog,Poodle,90,Orange,1,2.557215279379898,1,0,138,0,1
Cat,Siamese,36,Black,0,12.270336421566329,1,0,237,0,0
Bird,Parakeet,109,Black,0,19.96824903571668,1,1,239,1,0
Rabbit,Rabbit,85,Gray,1,24.74365750114156,0,0,493,0,0
Dog,Golden Retriever,123,Brown,2,12.129946421298571,1,0,28,0,1
Bird,Parakeet,143,Brown,0,11.48312734483255,1,0,152,0,0
Cat,Siamese,168,Orange,2,6.210052009268534,1,1,33,0,0
Bird,Parakeet,8,Brown,2,26.453675860211245,0,0,345,0,0
Cat,Siamese,167,Gray,0,22.22432433881888,1,0,499,1,1
Dog,Golden Retriever,69,Brown,0,1.3647565620996662,1,1,41,0,0
Dog,Labrador,47,White,1,29.47501706102212,1,0,383,0,1
Cat,Persian,151,Gray,0,5.772766196691583,0,1,136,1,0
Dog,Labrador,114,Black,1,27.902561703486057,1,0,459,0,1
Rabbit,Rabbit,5,White,0,29.07805638502425,1,0,462,0,1
Cat,Siamese,129,Black,0,27.669412332814154,1,0,331,1,0
Bird,Parakeet,51,Black,1,5.906888498640303,0,0,50,0,0
Rabbit,Rabbit,39,Gray,2,18.889657922990263,1,0,465,1,0
Dog,Golden Retriever,175,Gray,2,9.135306833806627,1,0,185,1,0
Rabbit,Rabbit,16,Orange,0,26.57519525814033,1,0,111,0,1
Dog,Labrador,147,Black,1,13.70263209415955,1,0,211,1,1
Rabbit,Rabbit,66,Brown,0,1.1892369024377227,0,0,279,1,0
Dog,Golden Retriever,30,Black,1,20.72689486146971,1,0,467,0,0
Bird,Parakeet,171,Orange,2,6.742087878919052,1,0,31,0,0
Rabbit,Rabbit,154,Brown,2,20.32924912177613,0,0,474,0,0
Bird,Parakeet,31,Black,0,6.860347146509103,1,0,422,0,0
Dog,Poodle,169,Black,2,22.32887326166418,1,0,414,0,0
Bird,Parakeet,92,Black,0,23.381705232982085,1,0,338,0,0
Rabbit,Rabbit,88,Black,0,1.4440070121802575,1,0,155,0,0
Cat,Persian,114,Black,2,20.48952367465549,0,0,250,0,0
Bird,Parakeet,162,Orange,1,12.665968255511572,0,0,208,0,1
Rabbit,Rabbit,82,Orange,2,20.179154056432868,0,1,40,0,0
Dog,Labrador,81,Black,2,19.03826647546044,1,0,462,1,1
Rabbit,Rabbit,104,Black,2,5.39227104961202,1,0,16,0,0
Rabbit,Rabbit,46,Orange,0,11.991169162167784,1,0,196,0,0
Bird,Parakeet,172,Brown,2,14.748960199425742,1,0,3,1,0
Dog,Golden Retriever,121,Gray,1,17.874092728636526,0,0,156,0,0
Rabbit,Rabbit,126,White,0,22.62627827675941,1,0,349,1,0
Bird,Parakeet,147,Orange,1,23.04903788202829,1,0,59,0,1
Cat,Persian,86,Black,1,18.71967893471581,0,0,100,0,0
Cat,Siamese,165,White,2,24.70939455679331,1,0,308,1,0
Cat,Persian,2,Gray,1,3.29043738162072,1,0,473,1,1
Rabbit,Rabbit,46,White,2,12.768550673807876,0,0,46,0,0
Dog,Labrador,3,Gray,2,15.57627335301635,1,0,369,1,1
Bird,Parakeet,136,Orange,1,10.122360376893592,0,0,290,0,0
Bird,Parakeet,143,Gray,1,22.856734950746723,1,0,354,1,1
Bird,Parakeet,138,White,1,1.862351577543476,1,0,267,0,1
Rabbit,Rabbit,70,Black,1,23.59115642379709,1,0,98,1,1
Cat,Persian,179,Brown,2,1.629302762990707,1,0,128,1,0
Cat,Persian,132,Orange,0,19.37886852851976,1,0,235,0,0
Rabbit,Rabbit,76,Brown,0,18.918132977949064,0,0,356,0,0
Bird,Parakeet,173,Black,1,10.618077481133508,1,0,213,0,1
Bird,Parakeet,20,Orange,1,10.752934737998745,1,0,368,1,1
Bird,Parakeet,111,Orange,2,8.388260003529982,1,0,300,0,0
Rabbit,Rabbit,160,Orange,0,11.13797067774737,1,1,313,0,0
Dog,Labrador,147,Black,0,19.636210121117017,0,0,394,1,0
Dog,Poodle,146,White,0,14.71194312199277,0,1,215,0,1
Bird,Parakeet,12,White,0,24.10898553800954,1,1,64,0,0
Cat,Persian,39,Gray,1,4.25919543034556,1,0,228,0,1
Bird,Parakeet,155,Orange,2,8.522592425253762,1,0,213,0,0
Dog,Labrador,23,Brown,2,8.911022888295527,1,0,351,0,1
Rabbit,Rabbit,32,White,0,18.66183939650056,0,0,306,0,1
Dog,Labrador,93,Brown,1,26.97368043885121,1,0,491,0,1
Rabbit,Rabbit,152,Gray,0,2.901793106752453,1,0,485,1,0
Bird,Parakeet,22,Orange,0,3.3475413586483262,1,1,238,0,0
Cat,Siamese,9,Brown,2,9.491573135377894,1,0,102,0,1
Cat,Siamese,160,White,0,27.52614224977465,1,0,65,0,0
Dog,Poodle,164,Orange,0,1.4400517723462292,1,0,390,0,0
Cat,Persian,83,White,2,8.57610884115389,1,0,64,1,0
Rabbit,Rabbit,113,Orange,0,1.7585919273791757,1,0,302,0,0
Bird,Parakeet,176,Gray,2,4.311329626876833,1,0,226,0,0
Dog,Poodle,143,Black,0,17.209643967840933,0,0,47,1,0
Bird,Parakeet,47,Orange,1,9.866927697858866,1,1,431,0,0
Bird,Parakeet,109,Orange,1,11.33532447969722,0,1,253,0,0
Bird,Parakeet,113,Gray,0,29.48192034864836,0,0,76,0,0
Rabbit,Rabbit,86,Orange,2,26.704690765770685,1,0,114,1,0
Rabbit,Rabbit,169,White,0,13.721856384094012,0,0,448,1,0
Cat,Siamese,113,White,2,9.356771163634589,1,0,345,0,0
Bird,Parakeet,163,White,0,19.19210997329761,1,0,302,1,0
Bird,Parakeet,139,Brown,2,29.888747101937632,0,0,376,0,0
Cat,Siamese,57,Black,2,8.47651534667679,1,0,89,0,0
Rabbit,Rabbit,125,Brown,0,2.870522001910292,1,1,45,1,0
Bird,Parakeet,113,Gray,2,16.86482673663482,1,1,110,0,0
Bird,Parakeet,2,Black,0,12.319447598585086,1,0,283,0,1
Rabbit,Rabbit,101,Gray,1,23.390596192557265,0,0,285,0,0
Cat,Siamese,41,Black,2,20.4208352014349,1,0,9,0,0
Bird,Parakeet,13,Gray,1,15.321626675534908,0,0,24,0,1
Rabbit,Rabbit,116,Orange,1,4.047828956195511,1,0,252,0,1
Bird,Parakeet,128,Brown,1,16.031242950446305,1,0,117,0,1
Bird,Parakeet,10,Black,0,9.420494675633748,1,0,62,1,1
Dog,Poodle,63,Black,2,1.1135090663263283,0,0,254,0,0
Rabbit,Rabbit,76,Brown,0,21.91733080024097,0,0,397,0,0
Bird,Parakeet,169,Black,2,1.521655815599242,1,0,480,0,0
Rabbit,Rabbit,115,White,0,4.623740416436524,0,0,47,1,0
Cat,Persian,54,Black,1,20.49849388003364,1,1,245,0,0
Bird,Parakeet,135,Orange,1,13.258374516288011,1,0,160,1,1
Rabbit,Rabbit,102,White,2,1.4479754042592603,1,0,88,0,1
Bird,Parakeet,112,White,1,1.8445897646840528,1,1,106,0,0
Cat,Siamese,29,Black,1,29.38866712747709,1,1,395,0,0
Rabbit,Rabbit,129,Brown,0,15.592195844488993,1,0,330,0,0
Dog,Labrador,32,Gray,0,18.11495243584257,1,0,124,1,1
Bird,Parakeet,21,Brown,0,4.346685820117836,1,0,412,0,1
Cat,Siamese,117,White,0,8.957939909010879,1,0,210,0,0
Rabbit,Rabbit,124,Black,1,4.608592030455901,1,0,314,1,1
Dog,Poodle,12,White,2,17.962995925382927,1,1,43,1,0
Bird,Parakeet,119,Gray,2,29.79035860886928,1,0,208,0,0
Rabbit,Rabbit,23,Orange,0,9.360578332073432,0,0,122,0,0
Rabbit,Rabbit,62,White,0,3.700107538743312,1,1,24,0,0
Cat,Persian,168,Black,1,20.44295329319277,0,1,245,1,0
Cat,Persian,108,Orange,1,20.269069055704527,0,0,302,1,0
Cat,Siamese,139,White,1,29.46198026744475,1,0,112,1,1
Rabbit,Rabbit,126,White,1,18.51978823683952,1,0,267,1,0
Rabbit,Rabbit,123,Gray,2,20.49809976164308,0,0,14,1,0
Dog,Poodle,21,Brown,0,13.23306523015695,1,0,99,0,1
Cat,Siamese,84,White,1,22.41218703651465,0,0,484,0,0
Dog,Labrador,101,Orange,0,2.36952141834789,1,0,461,0,1
Rabbit,Rabbit,84,White,0,2.0622612303657624,1,0,154,1,0
Dog,Labrador,165,Orange,2,6.410776478355599,1,0,222,1,0
Rabbit,Rabbit,38,Black,1,20.1497390849097,1,0,432,0,1
Rabbit,Rabbit,88,Brown,2,26.2494725782153,1,0,88,0,0
Rabbit,Rabbit,94,Black,0,26.025957347788783,1,1,409,1,0
Dog,Golden Retriever,38,Gray,2,5.29373302517606,0,0,330,0,0
Cat,Persian,122,Brown,2,17.22478252423404,1,0,289,0,0
Dog,Labrador,68,White,2,2.4747492854388127,0,0,467,0,0
Cat,Siamese,61,Orange,2,20.186140912818697,0,1,494,0,0
Rabbit,Rabbit,111,White,0,28.00161842473243,1,0,184,1,0
Dog,Labrador,164,Orange,0,28.886769994565213,0,0,168,0,0
Rabbit,Rabbit,20,Black,1,22.30801937663198,1,1,159,1,1
Bird,Parakeet,162,Black,1,21.99568576283505,1,0,489,1,1
Bird,Parakeet,51,Gray,1,3.927482767445178,0,0,450,0,0
Dog,Poodle,21,Gray,1,26.171032618061805,1,0,465,0,1
Bird,Parakeet,136,White,2,19.04678639314676,1,0,422,0,0
Cat,Persian,142,Black,0,23.7339290651312,1,0,54,0,0
Rabbit,Rabbit,176,Brown,0,20.77002066195792,0,0,268,0,0
Bird,Parakeet,91,Gray,1,8.534038068963651,1,0,366,1,1
Cat,Siamese,102,Black,1,28.85648755337962,1,0,387,0,1
Dog,Poodle,104,Orange,2,27.713719364141923,1,0,191,1,0
Rabbit,Rabbit,155,Gray,1,14.882349896510636,1,0,101,1,1
Cat,Persian,150,Gray,1,8.312174719329363,1,0,409,0,1
Cat,Persian,168,Brown,0,5.608818238480975,1,0,138,0,0
Bird,Parakeet,63,Orange,1,16.382302389490036,1,0,166,0,1
Dog,Poodle,3,Gray,1,25.60598408807845,1,0,181,0,1
Rabbit,Rabbit,107,White,0,24.097101316596472,1,1,111,0,0
Rabbit,Rabbit,95,White,2,15.757672400053128,1,0,322,1,0
Dog,Labrador,44,Gray,0,12.590082060486855,0,1,300,0,0
Dog,Labrador,167,Brown,2,8.629320867801532,1,1,362,1,0
Bird,Parakeet,44,Black,2,23.20075772098688,0,0,31,1,0
Dog,Labrador,158,Black,1,7.783761802602161,1,0,272,1,1
Bird,Parakeet,1,Orange,1,2.346576009001557,1,0,367,0,1
Cat,Siamese,137,White,2,17.364221550269527,0,1,423,1,0
Rabbit,Rabbit,139,White,1,29.494788766773933,0,0,334,0,0
Rabbit,Rabbit,128,Brown,2,2.743148126273479,0,0,471,0,0
Dog,Labrador,45,Brown,0,3.178564394480768,1,0,2,0,1
Cat,Siamese,163,Brown,2,16.205133211863508,1,0,490,0,0
Rabbit,Rabbit,148,Black,2,18.147733318774097,1,0,65,0,0
Rabbit,Rabbit,123,Brown,1,10.534454337285132,1,1,170,0,1
Cat,Siamese,142,Black,1,21.31319109730638,0,0,261,0,0
Dog,Golden Retriever,49,Orange,1,3.032942927755818,1,0,314,1,1
Bird,Parakeet,29,Black,0,15.027033871257023,1,0,224,1,0
Dog,Poodle,110,Orange,1,8.278628983166051,0,0,439,0,0
Cat,Siamese,156,Brown,2,2.1013030595185893,1,0,58,0,0
Bird,Parakeet,175,Brown,0,26.583966379582726,1,0,366,0,0
Bird,Parakeet,39,Gray,1,15.856710466548527,1,0,107,0,0
Rabbit,Rabbit,57,Orange,1,2.4382117383824977,1,0,155,0,1
Dog,Labrador,93,Black,0,15.312766128094138,1,0,417,1,1
Dog,Poodle,61,White,1,25.66483790733493,0,0,387,0,0
Dog,Labrador,150,Gray,2,15.751834569838293,1,0,426,1,1
Bird,Parakeet,54,White,1,5.276125413772133,1,0,266,0,1
Bird,Parakeet,177,Brown,0,21.85156385172384,1,0,262,0,0
Rabbit,Rabbit,23,Brown,0,22.00720432394329,0,0,305,1,0
Cat,Siamese,116,White,2,25.53299242685747,0,0,112,0,0
Rabbit,Rabbit,45,Black,0,7.745512002313922,1,0,250,0,0
Cat,Persian,65,Orange,1,13.636296348455922,0,0,166,0,0
Cat,Persian,50,White,1,28.98292944355295,1,0,109,0,1
Rabbit,Rabbit,54,Orange,0,20.25695796022821,1,0,62,0,0
Rabbit,Rabbit,164,Black,0,14.920536785494006,1,0,181,0,0
Cat,Siamese,179,Black,1,23.60703319506259,0,1,210,0,0
Dog,Golden Retriever,83,Orange,0,11.18999003598515,0,0,241,0,0
Cat,Persian,47,White,2,15.002788184505455,1,0,46,0,0
Cat,Siamese,46,Orange,0,16.592822130897915,1,1,303,0,0
Cat,Siamese,134,Gray,1,29.34526548369869,1,0,175,0,0
Cat,Persian,52,Black,1,6.028485919977461,1,0,456,0,1
Cat,Siamese,171,Black,2,10.32471313953827,1,0,478,0,0
Rabbit,Rabbit,106,Orange,2,14.576116314251337,0,0,422,0,0
Cat,Siamese,78,Brown,0,10.16413696312542,1,0,422,0,0
Bird,Parakeet,155,White,1,11.071342318427565,1,0,366,0,1
Rabbit,Rabbit,140,White,0,20.02403928494017,1,1,300,0,0
Dog,Labrador,97,Brown,1,29.45183111089177,1,0,63,0,1
Rabbit,Rabbit,49,Orange,0,6.526705348998622,0,0,494,0,0
Dog,Golden Retriever,47,Orange,2,7.681457073922368,1,1,330,0,0
Cat,Siamese,19,Brown,0,9.671367708671037,1,0,64,0,1
Dog,Labrador,141,White,1,21.16249362190757,0,0,498,1,1
Cat,Persian,46,Orange,2,4.267532272408911,1,1,296,0,0
Rabbit,Rabbit,116,White,1,24.64528409181128,1,0,439,0,1
Rabbit,Rabbit,51,Gray,1,22.73881424724543,0,0,256,0,0
Dog,Golden Retriever,120,White,0,21.105626587993267,1,0,231,1,1
Cat,Siamese,84,Orange,1,24.454996222588125,1,0,378,0,1
Bird,Parakeet,117,Orange,1,28.678260629311144,1,0,397,0,1
Rabbit,Rabbit,60,Black,0,22.130473647190072,0,0,59,0,0
Rabbit,Rabbit,101,White,2,9.507110173432595,1,1,117,0,0
Rabbit,Rabbit,22,Orange,1,10.235107037368326,0,0,357,0,1
Cat,Persian,8,Orange,0,11.933223646803594,1,1,405,1,0
Dog,Labrador,65,Brown,0,15.60497820123444,1,0,337,0,1
Cat,Persian,2,Orange,0,14.172218173192176,0,0,446,1,0
Bird,Parakeet,134,Black,0,2.40140785680651,0,1,195,0,0
Rabbit,Rabbit,108,White,2,9.101010537005571,0,1,62,1,0
Rabbit,Rabbit,57,Brown,0,15.684166045143558,0,0,232,1,0
Bird,Parakeet,20,Gray,0,9.865361938504169,1,0,308,0,1
Rabbit,Rabbit,59,Black,2,2.3873255627041257,0,0,487,1,0
Dog,Poodle,108,Gray,0,15.752066281151905,1,1,287,0,0
Cat,Siamese,134,White,1,17.72961497433143,1,1,464,0,0
Rabbit,Rabbit,47,Gray,1,26.18580838488032,0,0,125,0,0
Rabbit,Rabbit,153,Black,1,26.114672529738115,1,1,68,0,0
Bird,Parakeet,126,Brown,1,4.432504607687642,1,0,403,1,0
Bird,Parakeet,28,Gray,0,13.039514605662,1,0,282,1,0
Cat,Persian,15,White,1,14.49095756052846,0,0,214,0,1
Rabbit,Rabbit,9,Black,1,2.585854001847601,1,1,144,0,1
Bird,Parakeet,34,White,1,11.442889292681285,0,0,370,0,0
Cat,Persian,172,Orange,2,2.4358662613665123,1,0,72,0,0
Dog,Poodle,18,Gray,2,17.81519291015162,1,0,37,1,1
Bird,Parakeet,24,Black,2,27.643671839323293,1,0,471,0,0
Bird,Parakeet,128,Gray,2,13.956325199579313,1,0,11,0,1
Dog,Golden Retriever,27,Gray,1,17.143779527770853,1,0,364,0,1
Dog,Labrador,157,Gray,0,3.927307141135567,1,1,441,1,0
Rabbit,Rabbit,77,Orange,2,10.379842797905706,0,0,247,0,0
Rabbit,Rabbit,102,Gray,1,15.447762867288876,0,1,52,0,0
Cat,Persian,82,Black,0,25.24076383566103,1,0,41,1,0
Dog,Poodle,53,Black,2,7.791772733854615,1,0,133,1,0
Cat,Persian,110,Gray,1,22.308092529304982,1,0,481,0,1
Cat,Persian,135,Black,1,27.9579097433295,1,0,167,0,0
Cat,Persian,168,Brown,1,4.280942192546686,1,0,234,0,1
Bird,Parakeet,123,Black,1,26.87489955060509,1,0,16,1,1
Dog,Poodle,116,Orange,0,18.83764733372966,0,0,185,0,1
Rabbit,Rabbit,98,Gray,0,16.970024252648756,1,1,481,0,0
Dog,Poodle,162,Brown,2,27.955665455676314,1,1,428,1,0
Dog,Golden Retriever,44,White,0,10.416454693489657,0,0,19,1,0
Dog,Poodle,158,Gray,0,4.284822838875888,1,1,10,0,0
Dog,Labrador,156,Black,2,11.5202468609868,1,0,360,0,1
Rabbit,Rabbit,18,White,2,26.629098448282924,1,0,113,1,1
Bird,Parakeet,86,Orange,1,26.59163565335093,0,0,47,0,0
Dog,Labrador,38,Gray,2,24.69301402143129,1,0,388,1,1
Rabbit,Rabbit,147,Brown,0,8.644557754399562,1,0,35,0,1
Dog,Labrador,33,Gray,0,18.452964110358387,1,0,80,1,1
Rabbit,Rabbit,8,Black,1,12.385044760472226,0,0,18,0,1
Bird,Parakeet,5,White,2,4.192139045250658,0,0,43,1,0
Dog,Golden Retriever,87,Gray,2,16.40483035776829,1,0,48,0,0
Dog,Poodle,18,Orange,1,15.664034365476365,1,1,452,0,1
Dog,Labrador,57,Orange,0,18.3676097479622,1,0,262,0,1
Dog,Poodle,172,White,2,11.02617731359694,1,1,322,0,1
Dog,Golden Retriever,30,Black,2,9.37634301984789,0,0,37,0,0
Cat,Persian,172,Gray,1,9.262484324020638,1,0,346,0,1
Dog,Golden Retriever,134,Black,1,4.689521721173311,1,0,412,0,1
Rabbit,Rabbit,164,Gray,1,12.055668630471423,0,0,95,0,0
Dog,Labrador,68,Orange,0,11.944241124268512,1,1,206,0,0
Cat,Siamese,50,Orange,1,7.370781867898963,1,0,87,0,1
Rabbit,Rabbit,19,Orange,0,25.312234217421462,0,0,461,0,0
Bird,Parakeet,98,White,2,26.29267340711569,1,0,390,0,0
Cat,Siamese,38,Gray,2,2.187594432334913,1,0,451,0,0
Cat,Persian,67,Orange,2,27.34206909704728,1,0,71,0,0
Dog,Poodle,169,Brown,1,15.375032336632705,1,0,80,0,1
Bird,Parakeet,50,Orange,0,17.96725667482327,0,0,144,0,0
Rabbit,Rabbit,104,Black,2,10.866270915204703,1,0,73,1,0
Rabbit,Rabbit,170,White,1,7.979766102050676,1,0,301,0,1
Cat,Persian,90,White,1,15.976885915181825,1,0,333,0,1
Cat,Persian,113,Black,0,10.069492369463603,1,1,482,1,0
Rabbit,Rabbit,30,Brown,2,22.315758324047863,1,0,332,1,0
Rabbit,Rabbit,60,Orange,1,2.004870584606495,1,1,109,1,0
Cat,Persian,106,Orange,0,8.450514256076508,1,0,20,0,0
Cat,Siamese,65,Black,2,20.40632591377515,1,0,60,1,1
Bird,Parakeet,79,Gray,1,19.836745799506154,1,0,41,0,1
Bird,Parakeet,32,Black,1,17.67033209793637,1,1,331,0,1
Dog,Golden Retriever,124,Black,2,9.632683998308789,0,0,263,0,0
Rabbit,Rabbit,173,White,0,5.122084754339614,0,0,221,0,0
Bird,Parakeet,49,Brown,1,24.59759785196193,1,1,405,0,0
Bird,Parakeet,127,Brown,1,5.856644225951232,1,1,285,1,0
Dog,Golden Retriever,68,White,0,26.134049103582456,1,0,143,0,0
Bird,Parakeet,75,Black,1,9.98226421943435,0,0,398,0,0
Dog,Golden Retriever,4,White,2,4.642852781530841,1,1,313,0,0
Rabbit,Rabbit,177,Orange,2,4.040236668973748,0,0,315,0,0
Bird,Parakeet,26,Gray,1,17.08994809859588,1,0,329,0,1
Rabbit,Rabbit,120,Black,2,29.77016817314933,1,1,7,0,0
Rabbit,Rabbit,101,Black,0,3.899572177029524,1,0,339,1,0
Bird,Parakeet,161,Gray,1,21.856791172277244,1,0,308,1,1
Rabbit,Rabbit,16,Black,0,16.734688123531825,1,0,251,1,1
Bird,Parakeet,88,Orange,1,3.7208342994678514,1,0,447,0,0
Dog,Labrador,167,Gray,1,13.69174277707046,1,0,198,0,1
Cat,Siamese,122,Gray,1,1.3918956268792946,1,1,336,1,0
Dog,Golden Retriever,108,Orange,1,23.18148607256559,1,0,90,0,1
Bird,Parakeet,87,Brown,2,11.999218360098793,1,0,340,1,0
Rabbit,Rabbit,25,Black,1,24.502660982853133,0,1,121,1,0
Cat,Siamese,57,Black,1,26.549118459626527,1,1,396,1,0
Dog,Poodle,18,White,0,9.740362077224418,0,0,371,0,0
Cat,Siamese,146,White,2,10.324457256311884,1,0,193,1,0
Dog,Golden Retriever,109,Gray,0,3.1904648055503206,1,1,328,0,0
Bird,Parakeet,144,Orange,1,28.3894469485791,0,0,498,0,0
Bird,Parakeet,151,Black,1,5.970551057417821,1,0,335,0,1
Cat,Persian,123,Orange,1,19.727016160202947,1,1,88,0,0
Dog,Golden Retriever,152,Gray,2,26.349164422749084,1,1,342,0,0
Rabbit,Rabbit,58,Brown,1,1.39826245439477,1,1,403,0,0
Bird,Parakeet,15,Black,2,20.12136423108648,0,0,488,1,0
Bird,Parakeet,47,Brown,0,18.5136928662046,0,0,185,0,0
Rabbit,Rabbit,149,Gray,1,28.04659081406556,1,0,203,0,1
Dog,Labrador,6,Orange,1,16.287271534676236,1,0,242,0,1
Rabbit,Rabbit,141,Brown,2,4.583428134645709,1,0,360,0,0
Rabbit,Rabbit,29,Brown,0,10.345551420765055,1,0,373,1,0
Cat,Siamese,73,Black,2,29.49772141295059,1,1,149,0,1
Cat,Persian,64,Black,0,19.25328762239592,1,0,181,0,0
Bird,Parakeet,1,White,0,22.8967520296693,1,0,255,0,1
Rabbit,Rabbit,25,Gray,0,7.625675701593687,1,0,47,0,0
Dog,Golden Retriever,154,Black,2,16.210516652350314,0,1,488,0,0
Bird,Parakeet,145,Orange,1,3.3405451716255934,1,1,88,0,0
Dog,Golden Retriever,147,Black,0,3.984247561918018,0,0,205,1,0
Bird,Parakeet,23,Gray,0,13.813621999854243,1,0,149,0,1
Dog,Golden Retriever,101,Black,2,12.705150962827016,1,1,101,1,0
Cat,Persian,136,White,0,29.11380260483545,1,0,110,0,0
Dog,Golden Retriever,24,Gray,0,14.66962804782746,1,0,135,0,0
Dog,Poodle,161,White,2,22.677876146891823,1,0,195,0,0
Rabbit,Rabbit,128,Orange,0,8.758283877201928,1,1,193,0,0
Cat,Siamese,128,Brown,2,7.329922764663319,1,0,42,1,0
Cat,Siamese,54,Black,2,18.50398784208796,1,0,310,0,0
Rabbit,Rabbit,113,Brown,1,1.1366603401449935,0,0,30,1,0
Dog,Golden Retriever,62,Black,1,20.30386451815283,0,0,63,0,0
Rabbit,Rabbit,26,White,2,26.721321215603155,1,0,138,0,0
Cat,Siamese,89,White,1,10.598766480498687,1,0,10,0,1
Bird,Parakeet,110,Black,1,7.249872868885296,0,0,235,0,0
Cat,Siamese,111,Brown,2,12.27029742260598,1,0,322,0,0
Cat,Persian,112,White,2,28.68456466077071,0,0,233,0,1
Cat,Siamese,132,Brown,0,27.27455306028653,1,0,264,1,0
Bird,Parakeet,95,White,1,6.348620526943684,1,0,328,0,1
Cat,Persian,179,Orange,0,9.001920640551825,1,0,28,0,0
Bird,Parakeet,86,Orange,0,26.773648987600573,1,0,140,0,0
Bird,Parakeet,100,White,1,5.306012307153248,1,0,37,0,1
Bird,Parakeet,120,Brown,1,29.947656579855785,1,0,164,0,1
Dog,Labrador,97,Black,0,10.151050758850216,1,0,78,0,1
Rabbit,Rabbit,96,White,1,19.15353350362065,0,0,183,0,0
Rabbit,Rabbit,155,Gray,0,12.814086094455073,1,1,175,0,0
Rabbit,Rabbit,48,Orange,2,18.391427988834906,1,0,491,0,1
Dog,Golden Retriever,4,White,2,13.039744011519016,0,0,308,0,0
Rabbit,Rabbit,179,Gray,0,27.47083417620924,1,0,198,1,1
Bird,Parakeet,132,Brown,2,23.84262836973687,1,0,425,0,0
Dog,Labrador,166,Orange,0,22.15599092862054,1,0,250,1,1
Dog,Poodle,119,Gray,0,1.701975288253365,0,0,265,0,0
Rabbit,Rabbit,157,Gray,1,26.17788919759039,1,0,99,0,1
Dog,Poodle,93,Brown,1,2.588824389782916,1,0,478,1,1
Cat,Persian,176,Gray,1,2.586711070175558,1,1,196,0,0
Cat,Persian,33,Black,2,17.607801659843993,1,0,390,0,0
Rabbit,Rabbit,164,Orange,2,15.724812404017266,1,0,305,0,0
Dog,Golden Retriever,112,Gray,1,7.156047943279918,1,0,229,0,1
Rabbit,Rabbit,73,White,2,16.086726854616735,0,0,235,0,0
Dog,Labrador,91,Brown,2,13.973165921163144,1,0,320,1,1
Cat,Persian,164,White,0,17.231805641921092,0,0,407,0,0
Bird,Parakeet,15,Orange,2,17.361648962163613,0,0,395,0,0
Cat,Siamese,162,Black,2,27.88312064294084,0,1,437,1,0
Bird,Parakeet,57,White,2,18.47282954366713,0,0,153,0,0
Cat,Persian,45,Brown,0,7.708111285606511,1,1,48,0,0
Dog,Labrador,108,Brown,2,5.192811596947957,1,0,70,0,1
Bird,Parakeet,148,Black,0,9.643669582049476,0,0,426,0,0
Cat,Persian,52,Orange,0,16.055728147661675,1,0,82,0,0
Rabbit,Rabbit,28,Brown,0,7.169082017777919,1,0,312,1,0
Cat,Siamese,116,Black,1,27.952819416036,0,0,105,0,0
Bird,Parakeet,154,Orange,1,19.286217796026413,0,1,324,0,0
Cat,Siamese,103,White,0,17.908962848242165,1,0,164,0,0
Cat,Siamese,87,White,2,22.03886298644912,1,1,139,1,0
Dog,Labrador,157,Orange,2,19.97266936199636,1,1,126,0,0
Cat,Siamese,107,Black,0,16.15918966364878,0,0,129,0,0
Bird,Parakeet,149,Brown,2,3.933750534008694,1,0,202,1,0
Cat,Siamese,128,Black,2,24.59485605344086,0,0,175,0,1
Dog,Poodle,90,White,0,25.65498641094638,1,1,342,0,0
Dog,Poodle,90,White,0,4.19499148735536,1,1,256,1,0
Bird,Parakeet,147,Brown,1,21.47372168589781,1,0,482,0,1
Dog,Labrador,116,Orange,2,29.20797355457148,1,0,247,0,1
Dog,Golden Retriever,175,Black,0,3.539691629069067,0,0,212,0,1
Cat,Siamese,139,Orange,2,1.3286452029301388,1,1,360,0,0
Bird,Parakeet,93,Gray,1,4.870597499181725,1,1,101,0,0
Cat,Siamese,18,Brown,1,25.412935566592616,1,0,329,0,1
Rabbit,Rabbit,118,Orange,0,25.634627145926206,0,0,22,0,0
Dog,Poodle,168,Gray,1,6.665409864609643,1,0,253,0,1
Rabbit,Rabbit,49,Gray,1,24.56576653355698,0,0,318,1,0
Dog,Poodle,175,White,1,23.484625966691564,0,0,298,0,0
Cat,Siamese,12,Orange,0,19.744588251586023,0,0,484,0,0
Rabbit,Rabbit,34,White,1,13.320027462130115,1,1,205,0,0
Bird,Parakeet,179,White,1,21.166909458122007,1,1,29,1,0
Dog,Labrador,117,Gray,2,24.388382437052112,1,1,363,0,0
Rabbit,Rabbit,142,Gray,0,2.5503026655397267,1,1,417,0,0
Cat,Siamese,98,Orange,0,8.246740586496104,1,0,165,0,0
Cat,Persian,5,Gray,2,15.003477489359463,1,0,215,0,1
Cat,Siamese,114,Orange,2,13.990657218254382,1,0,367,0,0
Cat,Siamese,57,Orange,2,19.98835069446056,1,0,465,0,0
Bird,Parakeet,54,White,2,21.128097672398543,1,0,207,0,0
Bird,Parakeet,91,Orange,0,28.36304122383288,1,0,466,0,0
Rabbit,Rabbit,43,Brown,0,13.651089002565202,1,0,111,0,1
Dog,Poodle,47,Black,2,4.001875463177799,0,0,497,0,0
Dog,Golden Retriever,42,Orange,1,28.860727798424705,0,0,95,0,0
Dog,Poodle,168,Orange,2,2.631154135140002,1,0,217,0,0
Dog,Labrador,28,Gray,1,25.903529498885923,0,0,365,0,1
Dog,Golden Retriever,15,White,1,20.75045324018292,1,1,63,0,1
Bird,Parakeet,4,Gray,0,29.206171528544026,1,1,138,0,0
Rabbit,Rabbit,81,White,1,21.525735372511992,1,0,300,0,1
Dog,Labrador,68,Black,1,9.634870456495086,1,0,133,1,0
Rabbit,Rabbit,65,Brown,1,25.37834669975464,1,0,218,0,1
Bird,Parakeet,62,Brown,2,19.10680823978469,1,0,266,0,0
Dog,Labrador,139,Gray,1,6.14917967168346,0,0,30,0,1
Bird,Parakeet,86,Gray,1,24.73920368082013,1,0,41,0,1
Bird,Parakeet,139,Gray,1,25.64543553331369,1,0,0,0,1
Cat,Siamese,4,White,1,15.687234934058909,1,0,100,0,1
Bird,Parakeet,158,White,0,7.073112453833773,1,1,271,0,0
Rabbit,Rabbit,97,Brown,0,21.22598701676488,1,0,139,0,0
Dog,Labrador,7,Orange,2,21.72230803670153,1,0,176,0,1
Rabbit,Rabbit,156,White,0,1.3888741622915703,0,0,421,0,0
Bird,Parakeet,147,Brown,0,17.51481892522731,1,0,446,0,0
Bird,Parakeet,8,Brown,1,22.44902885493685,0,0,455,0,1
Dog,Golden Retriever,35,Orange,2,19.094825773528413,1,1,160,1,0
Cat,Persian,93,Orange,1,8.786642600332225,1,0,105,1,1
Rabbit,Rabbit,51,White,2,22.46051620458817,1,0,195,0,0
Cat,Siamese,57,White,1,29.51822939335661,1,0,224,0,1
Dog,Golden Retriever,109,Black,2,15.747295521433603,1,0,256,0,0
Cat,Siamese,8,Orange,0,26.925207384308447,1,0,97,0,1
Dog,Labrador,156,Gray,2,10.837882875337144,0,0,476,0,0
Rabbit,Rabbit,54,White,1,19.299991095649418,1,1,36,0,0
Rabbit,Rabbit,98,Gray,1,6.311916295420486,1,0,270,0,1
Dog,Golden Retriever,146,Orange,1,29.984568931874826,1,0,171,1,1
Rabbit,Rabbit,10,White,0,19.55348084554225,1,0,125,0,1
Dog,Poodle,42,White,1,24.358522208177018,1,1,152,0,0
Rabbit,Rabbit,19,White,0,21.91255992732822,1,0,70,0,1
Bird,Parakeet,80,Gray,0,27.3247732069959,1,0,8,0,0
Cat,Siamese,17,Black,0,25.895637325349625,0,0,180,1,0
Bird,Parakeet,119,Gray,0,12.785782317228868,1,0,267,1,0
Cat,Siamese,71,Black,1,7.788977284148577,1,0,220,1,1
Dog,Poodle,135,White,1,24.82453175880089,1,0,199,1,1
Cat,Persian,17,Gray,1,28.09382395245243,1,0,271,0,1
Cat,Persian,161,Brown,2,25.42876868073133,1,0,137,1,0
Dog,Poodle,105,Brown,2,21.004887094031485,1,0,242,0,0
Dog,Labrador,16,Gray,1,25.09225426924806,1,0,181,1,1
Dog,Golden Retriever,84,Black,1,7.853939556518078,1,0,125,0,1
Rabbit,Rabbit,149,Gray,2,17.429026802047073,1,0,91,1,0
Rabbit,Rabbit,136,Brown,1,23.500296396779675,1,0,87,1,1
Bird,Parakeet,108,Brown,0,6.091813551403873,0,1,253,0,0
Cat,Persian,175,Brown,0,12.24111413087132,1,0,204,0,0
Bird,Parakeet,108,Orange,1,10.024647396316269,1,0,430,1,1
Dog,Golden Retriever,134,Brown,1,16.94085379604077,0,0,185,1,0
Bird,Parakeet,34,Gray,2,7.937473196309881,0,0,165,0,1
Dog,Golden Retriever,5,White,0,3.399410801125075,0,0,49,1,0
Cat,Persian,103,Gray,2,25.783951747865853,1,0,286,1,0
Bird,Parakeet,10,Orange,1,16.06253287322056,0,1,227,0,0
Dog,Poodle,179,White,2,16.08391058575586,1,1,256,0,0
Bird,Parakeet,59,Orange,2,12.872284804319136,1,0,294,1,1
Cat,Persian,71,White,0,19.46782246424624,0,0,157,0,0
Cat,Persian,160,Gray,1,17.4439507215356,0,1,181,1,0
Rabbit,Rabbit,145,Orange,1,5.992891968026824,1,0,421,1,1
Rabbit,Rabbit,153,Black,2,25.24212921047873,0,0,282,0,0
Bird,Parakeet,124,Orange,0,9.6244066297977,0,0,411,0,0
Cat,Siamese,6,Orange,1,15.42835016479613,1,0,282,0,1
Rabbit,Rabbit,173,Brown,0,17.071441879138945,0,0,81,1,0
Cat,Siamese,66,Brown,2,17.234075943213163,0,0,297,0,0
Rabbit,Rabbit,155,Orange,1,9.104613795659809,1,1,225,1,0
Rabbit,Rabbit,117,Gray,2,17.63520788034433,0,0,418,0,0
Dog,Labrador,149,Gray,1,15.601891827641902,1,0,430,0,1
Dog,Golden Retriever,103,Orange,0,15.115780402217151,0,0,465,1,0
Cat,Persian,117,Black,2,19.447876364113903,1,0,417,1,0
Cat,Siamese,2,Black,0,3.125868725297875,1,0,159,1,1
Bird,Parakeet,105,Orange,0,15.80980654896829,1,0,427,1,0
Bird,Parakeet,161,Orange,2,23.16329634401247,1,0,28,0,0
Cat,Persian,92,Black,0,1.4597034247244127,1,0,331,1,0
Rabbit,Rabbit,117,Brown,0,17.91936023917864,1,0,176,0,0
Cat,Persian,76,Brown,1,18.593184363500164,1,0,152,1,1
Bird,Parakeet,55,Orange,1,25.938280711318868,1,0,145,0,1
Dog,Golden Retriever,1,White,2,4.841599666517787,1,0,77,0,1
Cat,Siamese,166,Gray,1,6.77132753804046,1,0,362,0,1
Bird,Parakeet,16,Orange,2,21.266176442934952,0,1,237,0,0
Rabbit,Rabbit,133,Orange,1,18.47742886739065,1,1,433,0,0
Rabbit,Rabbit,165,White,2,20.279721730771858,1,0,422,0,0
Cat,Siamese,96,White,1,17.14832214601699,0,1,187,0,0
Dog,Labrador,58,Black,0,4.081125545617255,1,1,156,1,0
Cat,Siamese,101,Black,1,25.64818725073699,1,0,498,0,1
Bird,Parakeet,111,Black,0,5.315452721027104,1,0,217,0,0
Dog,Labrador,165,Orange,0,8.502447039404313,1,0,125,0,1
Cat,Siamese,162,Orange,0,21.77713646520491,0,0,277,1,0
Dog,Labrador,75,Black,2,17.933869636734496,1,0,25,1,1
Rabbit,Rabbit,45,White,0,24.06334762238284,0,0,329,0,0
Bird,Parakeet,37,Brown,0,29.52822376591317,1,1,48,1,0
Dog,Labrador,88,Orange,2,23.676044813858056,1,0,433,0,1
Dog,Poodle,31,Black,2,5.595120765242127,1,1,296,0,0
Dog,Poodle,123,Orange,0,3.837853078777051,1,0,22,1,0
Bird,Parakeet,35,White,1,11.43389298807596,1,0,317,0,1
Dog,Golden Retriever,138,Brown,0,17.145236925017315,0,1,274,1,1
Bird,Parakeet,30,Brown,2,3.2932046083227955,1,0,423,0,0
Dog,Labrador,15,White,2,20.74659916590029,1,0,482,0,1
Cat,Persian,160,Brown,1,6.303898538991391,1,0,404,0,1
Rabbit,Rabbit,170,Gray,2,14.678232300769649,1,0,29,0,0
Dog,Poodle,118,Orange,0,3.212771171048307,1,1,196,0,0
Cat,Persian,161,Gray,2,15.475925164617191,1,0,8,0,0
Rabbit,Rabbit,97,White,1,4.051367101906922,1,0,232,1,1
Cat,Persian,103,White,0,29.813767011757346,1,0,175,1,0
Cat,Persian,9,White,1,17.677042153477032,1,0,399,0,1
Bird,Parakeet,82,Brown,2,17.578687472142416,1,0,276,1,0
Rabbit,Rabbit,150,Brown,0,18.03308594604781,1,0,411,1,0
Bird,Parakeet,144,Black,0,5.456839938410158,1,0,370,0,0
Dog,Labrador,9,Brown,1,17.98252086734571,1,0,362,0,1
Rabbit,Rabbit,158,Brown,2,11.780082553877357,1,0,50,0,0
Dog,Golden Retriever,113,Black,0,10.905519355383978,1,0,462,1,0
Bird,Parakeet,40,Orange,1,26.397113626915505,1,1,467,1,0
Dog,Labrador,91,White,0,3.667550809453198,1,0,115,1,1
Rabbit,Rabbit,81,Brown,1,27.610420191595107,0,0,251,0,0
Cat,Siamese,65,Brown,1,5.9124984893157775,1,0,224,1,1
Bird,Parakeet,45,Gray,0,11.253678585335976,1,0,273,1,0
Bird,Parakeet,161,Black,2,21.180565656686063,0,1,499,1,0
Cat,Persian,101,Black,2,13.677989437245138,1,0,180,0,0
Bird,Parakeet,24,Gray,1,23.05759086031179,1,0,477,0,1
Dog,Labrador,80,Brown,0,23.472925696872693,1,1,282,0,0
Rabbit,Rabbit,124,Brown,0,4.7269543848793765,1,1,150,0,0
Cat,Persian,4,Black,2,1.4356537174364226,1,0,459,0,1
Bird,Parakeet,155,Brown,1,1.9663727837457448,1,0,251,1,0
Dog,Labrador,109,Orange,2,15.30514399281824,0,0,118,1,0
Bird,Parakeet,126,Orange,1,12.995692377103266,1,0,168,0,1
Bird,Parakeet,14,Brown,1,22.16778205928881,1,0,317,0,1
Cat,Persian,162,Gray,2,12.118248045327956,1,1,485,0,0
Rabbit,Rabbit,104,Brown,2,26.37201980333986,1,0,136,1,0
Cat,Persian,4,White,1,24.288077662256683,1,0,499,0,1
Bird,Parakeet,104,Black,0,16.70631076115612,0,0,258,0,0
Bird,Parakeet,137,Brown,2,24.082987598417617,0,0,429,0,0
Dog,Golden Retriever,103,White,2,18.717825483535385,1,0,89,1,0
Cat,Persian,24,Orange,1,8.180895528066838,0,0,119,0,0
Rabbit,Rabbit,105,Brown,1,28.88009163416774,1,0,307,0,1
Dog,Golden Retriever,7,Gray,1,14.977599417965772,1,0,474,0,1
Dog,Labrador,106,Brown,0,22.32844232933281,1,1,58,0,0
Dog,Labrador,14,White,2,8.627749236540737,1,1,473,1,1
Dog,Labrador,76,Brown,2,11.228042484922304,1,0,455,1,1
Rabbit,Rabbit,161,Gray,0,2.1681578952854297,1,1,368,0,0
Dog,Poodle,160,White,2,13.253642026491791,0,0,436,1,0
Bird,Parakeet,54,Brown,0,12.828595695712512,1,0,460,0,0
Cat,Persian,165,Gray,0,7.914388189651025,1,0,39,0,0
Rabbit,Rabbit,122,Gray,0,10.796694256325358,0,0,380,1,0
Dog,Labrador,62,White,2,6.936864164549968,1,0,88,1,1
Rabbit,Rabbit,150,Brown,2,4.64188097859466,1,0,445,0,0
Cat,Persian,76,Orange,2,6.15851406835823,1,0,413,0,0
Rabbit,Rabbit,138,White,0,22.06280151069572,1,0,375,0,0
Bird,Parakeet,157,White,2,15.967909335560435,0,0,393,1,0
Cat,Siamese,138,White,2,27.44282621546554,1,0,3,0,0
Rabbit,Rabbit,80,White,1,26.77643284041742,1,0,152,1,1
Rabbit,Rabbit,53,Orange,2,1.3920008792918817,1,0,469,0,0
Bird,Parakeet,60,Orange,1,16.348755996164115,1,1,201,0,0
Dog,Poodle,34,White,2,24.58879991337571,1,0,36,0,0
Rabbit,Rabbit,127,Gray,2,19.245258185139253,1,1,4,0,0
Cat,Siamese,144,Orange,0,22.16334483563676,1,1,320,0,0
Rabbit,Rabbit,16,Gray,1,17.05665717264357,1,0,423,0,1
Bird,Parakeet,30,Black,1,26.76746536721006,0,0,419,0,0
Cat,Persian,129,Orange,1,16.12964223964063,1,0,228,0,1
Cat,Siamese,27,Black,2,28.28541175734656,1,0,135,0,0
Bird,Parakeet,91,Brown,2,19.03616527894457,1,0,458,1,0
Dog,Golden Retriever,49,Gray,2,18.628021898348432,0,0,178,1,0
Rabbit,Rabbit,108,Black,2,8.779260408747012,1,0,326,0,0
Dog,Labrador,72,Brown,1,27.824331498816008,1,0,364,0,1
Cat,Persian,11,Brown,1,4.339517834683241,0,1,300,0,0
Rabbit,Rabbit,72,White,2,19.20805095406094,0,0,212,1,0
Rabbit,Rabbit,125,Brown,0,29.502943417807195,1,0,90,0,0
Bird,Parakeet,76,White,0,27.08841724813384,1,0,94,0,0
Cat,Persian,40,Brown,2,10.232208641944316,1,0,420,1,1
Cat,Persian,13,Gray,0,9.45103902160541,1,0,203,0,1
Dog,Poodle,113,Gray,0,10.020063350549773,1,0,494,0,0
Rabbit,Rabbit,3,Orange,1,28.06655315437407,0,1,67,0,0
Bird,Parakeet,134,Black,0,4.089986169267276,1,0,434,0,0
Cat,Siamese,154,Brown,0,10.952041859011224,0,0,129,1,0
Bird,Parakeet,55,Orange,1,15.516845794000664,1,0,259,0,1
Dog,Golden Retriever,31,Gray,1,9.40653970648193,0,0,67,0,1
Bird,Parakeet,138,Orange,1,20.608562670149915,0,1,108,1,0
Bird,Parakeet,83,Gray,0,4.134247316325261,1,0,231,1,0
Bird,Parakeet,89,Gray,0,6.497109747571274,1,0,204,1,0
Dog,Labrador,166,Gray,0,3.867326937216889,0,0,226,1,0
Rabbit,Rabbit,52,Gray,1,20.50668596227691,0,0,236,1,0
Cat,Siamese,149,Gray,2,25.37160961319088,1,1,174,1,0
Bird,Parakeet,84,Brown,0,17.51070432530953,1,0,369,0,0
Cat,Persian,85,Black,1,11.411022274298649,1,0,181,0,1
Dog,Golden Retriever,48,Gray,2,25.52098466941009,0,0,176,0,0
Dog,Poodle,154,Gray,1,22.06840564378526,1,1,49,0,0
Rabbit,Rabbit,3,White,1,14.02341838760729,0,0,412,1,1
Rabbit,Rabbit,12,Gray,1,28.05036711727675,1,0,60,0,1
Cat,Siamese,30,Orange,1,20.30987522027204,1,0,7,0,1
Dog,Poodle,162,Black,2,14.310121823895116,1,0,186,0,0
Bird,Parakeet,110,Black,1,28.13672858421196,0,0,220,0,0
Cat,Siamese,4,Brown,0,7.592340061030796,0,1,333,0,0
Rabbit,Rabbit,8,White,0,28.01811824301156,1,0,159,0,1
Cat,Persian,58,Orange,2,16.557641344465722,0,0,423,1,0
Dog,Golden Retriever,1,Orange,1,29.02054604546879,1,0,146,0,1
Dog,Labrador,24,Black,0,26.735809031822143,0,0,304,0,0
Cat,Siamese,87,Gray,2,19.156844957624354,1,0,233,1,0
Rabbit,Rabbit,21,White,2,13.164963067604774,1,1,147,0,0
Rabbit,Rabbit,72,White,0,20.4974774898156,1,0,115,1,0
Bird,Parakeet,174,Gray,0,19.925458441247763,1,1,3,0,0
Rabbit,Rabbit,30,Gray,0,13.009813922793851,1,0,213,0,0
Rabbit,Rabbit,168,White,0,16.08334702056944,1,0,406,0,0
Dog,Labrador,154,White,1,20.99951707010828,0,1,62,1,0
Bird,Parakeet,73,Brown,1,5.064797568099181,1,0,300,1,1
Bird,Parakeet,120,Brown,0,17.402502304693257,1,0,248,0,0
Rabbit,Rabbit,121,Orange,2,1.119079884026005,0,0,137,0,0
Cat,Persian,67,Gray,2,19.640519951736085,1,1,260,0,0
Rabbit,Rabbit,11,Orange,0,4.4767529130315165,1,0,136,0,1
Bird,Parakeet,169,White,1,9.296607738906555,0,0,6,0,0
Dog,Poodle,156,Brown,1,20.87777514876745,1,1,446,1,0
Cat,Siamese,142,Gray,2,10.372633245863945,1,0,85,0,0
Rabbit,Rabbit,161,Black,0,1.955488179120369,0,0,267,1,0
Dog,Labrador,21,Orange,1,21.78483898726161,0,0,227,0,1
Rabbit,Rabbit,150,White,0,6.558468246077956,1,0,204,0,0
Rabbit,Rabbit,13,Orange,1,28.713544389979223,1,0,376,0,1
Cat,Persian,146,Orange,0,28.96853320747144,0,0,5,1,0
Bird,Parakeet,85,Brown,0,22.29498968051012,1,1,344,0,0
Dog,Poodle,147,Gray,1,23.747764302643603,1,0,457,1,1
Dog,Golden Retriever,164,Gray,2,9.0652528590603,0,0,466,1,0
Bird,Parakeet,11,Orange,0,9.832685622368484,0,0,114,0,0
Bird,Parakeet,164,Orange,0,11.037146504767822,1,1,88,1,0
Bird,Parakeet,94,Gray,1,8.896284160535892,1,0,201,0,1
Rabbit,Rabbit,28,White,0,14.198602699950314,1,0,342,0,0
Cat,Siamese,165,Black,2,22.92412301144824,1,0,49,0,0
Bird,Parakeet,81,Gray,2,8.366899516170593,1,0,412,0,0
Bird,Parakeet,19,Gray,0,28.03174389363893,1,0,246,1,1
Bird,Parakeet,155,Gray,2,13.871823743076511,1,0,419,1,0
Dog,Poodle,34,Brown,1,9.207018427443254,0,0,249,0,0
